sa4_name,name,x,y
Inner West,KELLYS BUSH RESERVE,151.1668935896427,-33.84238279425823
Inner West,CONCORD WEST POST OFFICE,151.08691957937233,-33.84820675484555
Inner West,,151.10953096738768,-33.86094616549373
Inner West,,151.1004833541366,-33.8617039895419
Inner West,STRATHFIELD PLAZA,151.0931695441812,-33.873034836405004
Inner West,ST ANNE'S ANGLICAN CHURCH,151.08766740888004,-33.87087103925732
Inner West,SYDNEY KOREAN UNITING CHURCH,151.0877032372868,-33.87231670514729
Inner West,,151.1350347186155,-33.86068974190861
Inner West,ARMITAGE RESERVE,151.14008515853394,-33.84662221899855
Inner West,MONTAGUE PARK,151.15246108920144,-33.858756740626895
Inner West,DRUMMOYNE AMBULANCE STATION,151.1584746111393,-33.85558623456518
Inner West,STIMSON RESERVE,151.1729878952775,-33.8648057236432
Inner West,ST JOHN THE EVANGELIST,151.17950165126788,-33.85259033797739
Inner West,BROWNLEE RESERVE,151.18710260411063,-33.851642361370814
Inner West,BALLAST POINT RESERVE,151.18330073889385,-33.85066150504831
Inner West,BALMAIN BOWLING CLUB,151.18808807753686,-33.85825787706141
Inner West,CATHY FREEMAN PARK,151.06628911489898,-33.84596956062546
Inner West,SYDNEY SHOWGROUND STADIUM,151.06761803312298,-33.843064594747645
Inner West,ACCOR STADIUM,151.06237229497023,-33.846869391684905
Inner West,,151.07153938056078,-33.851654032346694
Inner West,,151.06773288003708,-33.851767767579055
Inner West,,151.06819125349563,-33.85508034376015
Inner West,TREILLAGE TOWER,151.07908066909897,-33.84798374891271
Inner West,OLYMPIC PARK RAILWAY STATION,151.0693674167988,-33.84651691955816
Inner West,,151.14799401522856,-33.87000979829535
Inner West,CONCORD GOLF COURSE,151.09733228241058,-33.85039660161032
Inner West,PRINCE EDWARD PARK,151.11900851163875,-33.852814769475195
Inner West,MASSEY PARK GOLF COURSE,151.11164710354961,-33.85316749313805
Inner West,STEWART RESERVE,151.1068156082188,-33.85783492092035
Inner West,HENLEY PARK,151.09872461181217,-33.85995096671772
Inner West,CENTRAL PARK,151.09631458372013,-33.85683001412586
Inner West,WARBRICK PARK,151.08954785406092,-33.8505811963697
Inner West,BARNWELL PARK GOLF COURSE,151.11536724453347,-33.861776517234745
Inner West,BAYVIEW PARK,151.1212917182739,-33.85789456732141
Inner West,WALKER RESERVE,151.09631209179352,-33.845153112324304
Inner West,BICENTENNIAL PARK,151.07799927266842,-33.844140129009105
Inner West,ROOKWOOD CEMETERY,151.053588006675,-33.868984264904086
Inner West,PHILLIPS PARK,151.0531674262388,-33.85850376806329
Inner West,AUSTIN PARK,151.0669344852603,-33.861143955729695
Inner West,PILGRIM PARK,151.0755428187442,-33.8710315124663
Inner West,DAVEY SQUARE RESERVE,151.08187648946952,-33.87262714572398
Inner West,FITZGERALD PARK,151.08270236820243,-33.86979216142632
Inner West,HOWSE PARK,151.10455186268598,-33.84688314262916
Inner West,,151.1764150839691,-33.87338127633542
Inner West,,151.17059577599898,-33.863738526502026
Inner West,ANN CASHMAN RESERVE,151.1749028968507,-33.858620694404664
Inner West,PUNCH PARK,151.17888634572245,-33.86106364795574
Inner West,ELKINGTON PARK,151.17287843556016,-33.85443246330313
Inner West,PARINGA RESERVE,151.16950242209364,-33.85475398297656
Inner West,YURULBIN PARK,151.18636505671967,-33.84685498642878
Inner West,BIRCHGROVE PARK,151.18166549336135,-33.84971100030082
Inner West,GLADSTONE PARK,151.18276013904403,-33.858545844795124
Inner West,EWENTON PARK,151.19012908579504,-33.85896786047519
Inner West,KING GEORGE PARK,151.16259238509548,-33.86294181694081
Inner West,DARLING STREET ANGLICAN,151.19187100267428,-33.857462476293364
Inner West,ROBSON PARK,151.14382984328796,-33.87084220252905
Inner West,CROKER PARK,151.12928917490663,-33.87298992736696
Inner West,FIVE DOCK POLICE STATION,151.12824600089309,-33.868109004523944
Inner West,RODD PARK,151.14901198341354,-33.865646849860596
Inner West,STOREY PARK,151.13212069881817,-33.863286409875194
Inner West,HALLIDAY PARK,151.1283252511658,-33.86188230137774
Inner West,ROBERTS RESERVE,151.14008555289433,-33.86433571570405
Inner West,LARKINS RESERVE,151.1414487328632,-33.863541130160435
Inner West,NIELD PARK,151.14412091271132,-33.86393734710962
Inner West,RUSSELL PARK,151.14344400699196,-33.85354235792915
Inner West,ALLISON PARK,151.13574037132233,-33.85215186542342
Inner West,LYSAGHT PARK,151.139761532368,-33.85227096991584
Inner West,TAPLIN PARK,151.14792436525124,-33.850756568146345
Inner West,DRUMMOYNE POST OFFICE,151.15462066429725,-33.85081129337161
Inner West,CHAMBERS PARK,151.1424032260903,-33.84747402154474
Inner West,BLACKWALL POINT RESERVE,151.14192684410526,-33.84609883017602
Inner West,MASCOT MEMORIAL PARK,151.1944543229711,-33.92609194242623
Inner West,,151.12292487432507,-33.88818800500543
Inner West,,151.12720342695408,-33.890290139077074
Inner West,PETERSHAM POST OFFICE,151.15438242838903,-33.8953346454827
Inner West,MARRICKVILLE PARK,151.15219803194356,-33.90215678087319
Inner West,ERSKINEVILLE POST OFFICE,151.18412160592572,-33.89950851635655
Inner West,PUNCHBOWL RAILWAY STATION,151.05552282777842,-33.92534867606796
Inner West,CAMPSIE RAILWAY STATION,151.10297425575706,-33.910494752617
Inner West,HURLSTONE PARK RAILWAY STATION,151.13184516396097,-33.91055196909307
Inner West,,151.05573378634304,-33.894705741838294
Inner West,WALLIS RESERVE,151.08007610124852,-33.88411490691717
Inner West,ST JAMES PARK,151.18453325890465,-33.88001531193786
Inner West,UNIVERSITY OF TECHNOLOGY CITY CAMPUS-BLACKFRIARS,151.19798585277957,-33.884906444741944
Inner West,ALBERT PARK,151.1325850056492,-33.92793968802353
Inner West,ST MICHAELS CATHOLIC CHURCH,151.1652477583629,-33.89187295409074
Inner West,,151.15286898632417,-33.902800825400064
Inner West,,151.15185721292136,-33.9033560720929
Inner West,BRIGHTON STREET PARK,151.155429780467,-33.89194473730985
Inner West,ENMORE TAFE PARK,151.17402016913343,-33.90225752694737
Inner West,MARRICKVILLE METRO SHOPPING CENTRE,151.17177432432925,-33.90679388397953
Inner West,,151.18084350523193,-33.897053049331944
Inner West,,151.18335685305632,-33.904525629392886
Inner West,,151.18257823289392,-33.90384909960187
Inner West,,151.19678939473744,-33.90050274760974
Inner West,LADY GOWRIE CHILD CARE CENTRE,151.18869461642348,-33.90152341293885
Inner West,JACK SHUTTLEWORTHS RESERVE,151.19443360692227,-33.899104393211175
Inner West,,151.08579840104937,-33.892727050798726
Inner West,CHAIN OF PONDS RESERVE,151.0757160660332,-33.88517998047041
Inner West,,151.12304984165914,-33.891969253877065
Inner West,,151.12407788445012,-33.891973287276
Inner West,,151.18722573349166,-33.87751052495547
Inner West,DOUGHERTY RESERVE,151.19252451267036,-33.87935557165223
Inner West,,151.18935706286004,-33.879763899165184
Inner West,RESIDENTS PARK,151.1881886978318,-33.88365602309533
Inner West,MARR RESERVE,151.15298633414807,-33.88571467303559
Inner West,LITTLE ARK PRE-SCHOOL,151.15533122090721,-33.886389337699875
Inner West,,151.0582283989039,-33.90465566097797
Inner West,JOE POOLE RESERVE,151.13177416920576,-33.90732888986221
Inner West,EUSTON RESERVE,151.12821151636595,-33.909689984314575
Inner West,JOANNA THOMPSON RESERVE,151.12011786723426,-33.91762432512588
Inner West,,151.1211613278104,-33.918393829458154
Inner West,TASKER PARK,151.11406664300392,-33.91043396729128
Inner West,CANTERBURY OLYMPIC ICE RINK,151.113347256853,-33.90968999326088
Inner West,HAYNES RESERVE,151.11970612442377,-33.91563485934783
Inner West,,151.11145830372803,-33.90330951263526
Inner West,,151.10488631714432,-33.90399195839491
Inner West,LOFTS GARDENS,151.10350809668265,-33.90730666803694
Inner West,,151.10382891740997,-33.91778607159061
Inner West,CAMPSIE SOUTH BOWLING AND RECREATION CLUB,151.10376877789662,-33.92580373306649
Inner West,YATAMA PARK,151.10412729283155,-33.92656716842953
Inner West,LEONARD RESERVE,151.08831957409822,-33.92877967520842
Inner West,,151.0731511576065,-33.92952685902511
Inner West,,151.0702764723405,-33.91285063853065
Inner West,ANNE PRINGLE RESERVE,151.08293026809508,-33.925838880292545
Inner West,JUBILEE RESERVE,151.0735973849441,-33.92021536403895
Inner West,BROWN RESERVE,151.09504597389272,-33.90215556182722
Inner West,MILDURA RESERVE,151.10806771419777,-33.90289872033266
Inner West,SAINT NICHOLAS,151.1487259247928,-33.91064025581394
Inner West,PARISH OF ST BRIGID'S,151.15222230711746,-33.90933227625911
Inner West,HOLLIS PARK,151.18612502867234,-33.89464700103785
Inner West,JOHN PATON RESERVE,151.13454100004378,-33.89186589022797
Inner West,SIMPSON PARK,151.17771590109436,-33.91099652027866
Inner West,MCCONVILLE RESERVE,151.19991380805914,-33.908998780905414
Inner West,MOUNT LEWIS BOWLING CLUB,151.055005982978,-33.9154895264466
Inner West,ROOKWOOD CEMETERY,151.0546998182645,-33.876470747802564
Inner West,,151.05572174801995,-33.911220324052316
Inner West,ROBERTS PARK,151.0576457857466,-33.91313822970722
Inner West,LOCKWOOD PARK,151.0584823939572,-33.893832058388845
Inner West,LEE PARK,151.0632807046232,-33.8986685202165
Inner West,NORTHCOTE PARK,151.0575150727879,-33.90123188680313
Inner West,ALLUM PARK,151.06165687937286,-33.906119505234194
Inner West,PARRY PARK,151.06788070500357,-33.91434656574409
Inner West,,151.0565137153508,-33.92665665576239
Inner West,PUNCHBOWL POST OFFICE,151.05834966428074,-33.92611738239475
Inner West,AUSTRALIAN CATHOLIC UNIVERSITY STRATHFIELD CAMPUS,151.0761367632505,-33.87633456721811
Inner West,,151.07227143295717,-33.87672645424584
Inner West,STRATHFIELD PARK,151.083073709283,-33.88405750192251
Inner West,,151.08243523259313,-33.90343180841824
Inner West,BEGNELL PARK,151.0783993616347,-33.90118820495618
Inner West,COOKE PARK,151.07988405671207,-33.8991408861101
Inner West,BARK HUTS PARK,151.0842978399274,-33.89901353482458
Inner West,FORD PARK,151.0845565134067,-33.896735356785314
Inner West,WILEY PARK,151.07311113316902,-33.92780797985048
Inner West,SANTA SABINA COLLEGE,151.09381708397393,-33.87746142905916
Inner West,RUDD PARK,151.09115295392908,-33.90461008787683
Inner West,,151.08869314749222,-33.91579268839273
Inner West,,151.09098473540902,-33.915394786672884
Inner West,,151.08968822121398,-33.921912226859085
Inner West,BURWOOD POLICE STATION,151.10499400179071,-33.87889000077245
Inner West,ST PAUL'S ANGLICAN CHURCH,151.102533209902,-33.8817020009454
Inner West,ROYAL BLIND SOCIETY,151.0993146216975,-33.8940623162124
Inner West,HENLEY PARK,151.09564039360785,-33.89200280587437
Inner West,CROYDON PARK,151.10904911825577,-33.90169280549822
Inner West,PICKEN OVAL,151.10643495250707,-33.90075329997201
Inner West,,151.1155342431414,-33.89961555557747
Inner West,,151.1040144356858,-33.90644124995618
Inner West,ROSEDALE PARK,151.1032911409651,-33.90169289496994
Inner West,FLOCKHART PARK,151.0978913291647,-33.9022092475515
Inner West,LEES PARK,151.11197085547974,-33.90384517338247
Inner West,,151.10199821284462,-33.91107735734504
Inner West,,151.10638498731262,-33.91181980811792
Inner West,,151.10351001458577,-33.914603285071806
Inner West,CAMPSIE FIRE STATION,151.10394161285896,-33.914365058298614
Inner West,NORFOLK RESERVE,151.06272122667772,-33.89369254329815
Inner West,HUNT PARK,151.08575970342355,-33.924973265034915
Inner West,CENTENARY PARK,151.11961036221786,-33.87622339602135
Inner West,BALMORAL RESERVE,151.10145190330292,-33.8986775109546
Inner West,,151.1091738960454,-33.92735307592551
Inner West,HUGHES PARK,151.1146398714614,-33.92321882589539
Inner West,,151.10713537073067,-33.92935505540317
Inner West,EARLWOOD UNITING CHURCH PRE-SCHOOL,151.11976197897317,-33.9279458999228
Inner West,,151.12384328761698,-33.92796231293022
Inner West,EARLWOOD PARK,151.12048587466677,-33.924144554017865
Inner West,SIMPSON RESERVE,151.11705995798968,-33.91389631337013
Inner West,SUTTON RESERVE,151.12329840370163,-33.91501599574902
Inner West,CANTERBURY RACECOURSE,151.1155451702486,-33.905990334767445
Inner West,CANTERBURY PARK,151.1206983837237,-33.90475494576205
Inner West,,151.12361254635314,-33.90819731091704
Inner West,,151.12344145951232,-33.908449808888555
Inner West,W H WAGENER OVAL,151.11825197835427,-33.89686312082974
Inner West,PRATTEN PARK,151.12316735028148,-33.892921748153725
Inner West,ST JAMES CROYDON,151.11428448535858,-33.886741648975196
Inner West,PRESBYTERIAN LADIES COLLEGE SYDNEY,151.11626576732846,-33.88154430641795
Inner West,BLAIR PARK,151.11494274654427,-33.875694126537994
Inner West,HAMMOND PARK,151.12646219557217,-33.877813534068174
Inner West,ASHFIELD PARK,151.13432901111142,-33.885776425308194
Inner West,ST ANTHONY'S CATHOLIC CHURCH,151.13222673325936,-33.89128839491125
Inner West,BEAMAN PARK,151.13648738515977,-33.915501691143405
Inner West,EWEN PARK,151.13060299873896,-33.915077739477056
Inner West,ALGIE PARK,151.13734395573263,-33.87743850808487
Inner West,LAMBERT PARK,151.14600713136457,-33.88467442983202
Inner West,PETERSHAM PARK,151.15016679466075,-33.89132965610477
Inner West,BLACKMORE PARK,151.15046544766176,-33.874846770929416
Inner West,,151.15781808909205,-33.87625767392814
Inner West,PIONEERS MEMORIAL PARK,151.1574507994134,-33.87861409859259
Inner West,,151.16165581954655,-33.876081558729766
Inner West,WHITES CREEK VALLEY PARK,151.16849305976908,-33.876465835842346
Inner West,HUNTER BAILLIE MEMORIAL PRESBYTERIAN CHURCH,151.16946266625243,-33.88334680168158
Inner West,,151.17048470380567,-33.882642672417596
Inner West,,151.170511963183,-33.884169946350724
Inner West,NEWINGTON COLLEGE,151.16173096451834,-33.8981115161192
Inner West,TILLMAN PARK,151.1644449618413,-33.91691034428188
Inner West,GOUGH WHITLAM PARK,151.15303885325284,-33.92398576620187
Inner West,MACKEY PARK,151.15511659631784,-33.92162858920388
Inner West,KENDRICK PARK,151.1575141117763,-33.92732171135058
Inner West,ENMORE PARK,151.16940100319636,-33.904509054554715
Inner West,HENSON PARK,151.15819410141205,-33.90433281426725
Inner West,CAMDENVILLE PARK,151.17687305408407,-33.90913340187736
Inner West,SYDNEY PARK,151.18507604615218,-33.91042332720821
Inner West,ERSKINEVILLE OVAL,151.19077800629836,-33.90199186206201
Inner West,HARRY NOBLE RESERVE,151.18962076600664,-33.90096447326231
Inner West,ST STEPHENS CEMETERY,151.17976971034528,-33.89479063954886
Inner West,O'DEA RESERVE,151.17369959903607,-33.89063680275652
Inner West,DR H J FOLEY PARK,151.18660634959488,-33.88038040542942
Inner West,ST JOHNS OVAL,151.18217551725374,-33.8868228088218
Inner West,ST PAULS OVAL,151.18853069185042,-33.88979530015789
Inner West,THE UNIVERSITY OF SYDNEY CAMPERDOWN CAMPUS,151.18404387919574,-33.88809274495354
Inner West,FISHER LIBRARY SYDNEY UNIVERSITY,151.19049355206874,-33.886316917424516
Inner West,,151.1936031297135,-33.882700490025925
Inner West,FEDERAL PARK,151.17632210115067,-33.8742170957
Inner West,,151.17676094164165,-33.87699110670662
Inner West,BICENTENNIAL PARK,151.17824861283762,-33.872869361563914
Inner West,JUBILEE PARK,151.17809326717548,-33.87455097693455
Inner West,SMITH HOGAN PARK,151.17447713493192,-33.879456972618826
Inner West,COHEN PARK,151.1695304073097,-33.875824498920956
Inner West,GRAY STREET RESERVE,151.1709926561831,-33.87635322091018
Inner West,HINSBY PARK,151.1728736852689,-33.878833778826696
Inner West,ANNANDALE POST OFFICE,151.17045021927856,-33.88116966599069
Inner West,ALEXANDRIA PARK,151.19801154369836,-33.90008092984039
Inner West,PERRY PARK,151.1964001160973,-33.908293844260676
Inner West,HASLAMS FIELD,151.05606178730443,-33.842646757073275
Inner West,BLANKERS KOEN PARK,151.0514132015418,-33.84269449864887
Inner West,FIG TREE GROVE,151.06611297233977,-33.848685520785985
Inner West,LAKE NORTHAM,151.19320416992952,-33.88518713363017
Inner West,TEMPE RECREATION RESERVE,151.1614520951148,-33.92908969486425
Inner West,JETS SPORTS CLUB,151.15966174646542,-33.92927208457734
Inner West,BUS AND TRUCK MUSEUM,151.1592814141471,-33.923656483084784
Inner West,COOKS RIVER MOTOR BOAT CLUB,151.15955029787796,-33.92752182308848
Inner West,CANTERBURY VELODROME,151.1539447000123,-33.92538078526932
Inner West,WATERWORTH PARK,151.15203313090177,-33.92606171633484
Inner West,GREEN STREET PARK,151.1571213279099,-33.924331417029194
Inner West,,151.0793125584098,-33.92731046142431
Inner West,HAROLD BULL RESERVE,151.0839396124533,-33.924475378223526
Inner West,LAKEMBA FIRE STATION,151.07932995698025,-33.92406641503147
Inner West,ST BASILS LAKEMBA,151.08027753048466,-33.926326521307494
Inner West,ST JOSEPH'S CHURCH,151.08941882724002,-33.92431913656518
Inner West,,151.0908015114304,-33.9245130991126
Inner West,KEN MCLEAN RESERVE,151.09329932468862,-33.927584086967606
Inner West,VIKING STREET RESERVE,151.1044679860896,-33.92305656870178
Inner West,BIARA AVENUE RESERVE,151.10485791061845,-33.92378058933149
Inner West,CANTERBURY POST OFFICE,151.1208999297408,-33.910629651541605
Inner West,CANTERBURY-HURLSTONE PARK RSL YOUTH CLUB,151.11920525346574,-33.91179656387886
Inner West,,151.108446738569,-33.922882532936036
Inner West,,151.10660060723535,-33.923218628361845
Inner West,,151.12348477358037,-33.92752963980393
Inner West,EARLWOOD LIBRARY,151.12380005439732,-33.9275135047369
Inner West,EARLWOOD SENIOR CITIZENS CENTRE,151.12473525810026,-33.9274810102366
Inner West,OUR LADY OF LOURDES CATHOLIC CHURCH,151.12681464148903,-33.92714892162143
Inner West,EARLWOOD POST OFFICE,151.12715644686136,-33.926384813920244
Inner West,,151.1294470574111,-33.928027481184735
Inner West,,151.1254698922548,-33.925883628825574
Inner West,,151.1282206234863,-33.926233537780476
Inner West,,151.1190661771918,-33.92389470102514
Inner West,,151.118617484877,-33.92409271505339
Inner West,TURRELLA RAILWAY STATION,151.1399261019314,-33.92987792470602
Inner West,TURRELLA CHILDRENS CENTRE,151.14782816376916,-33.92963794061277
Inner West,,151.14744458673613,-33.92904299219441
Inner West,,151.13682214504533,-33.92374442005136
Inner West,H M MCPHERSON RESERVE,151.13158125510014,-33.92366186118739
Inner West,,151.0775533229102,-33.920246809501094
Inner West,LAKEMBA POST OFFICE,151.07615257629442,-33.92051131872193
Inner West,LAKEMBA LIBRARY,151.07578540249844,-33.92069241782492
Inner West,LAKEMBA SENIOR CITIZENS CENTRE,151.0755759324422,-33.92078679017455
Inner West,LAKEMBA EARLY CHILDHOOD HEALTH CENTRE,151.07622847405443,-33.921485604177796
Inner West,,151.07868283849734,-33.92082888539246
Inner West,,151.0791212666616,-33.921560749671855
Inner West,,151.0780063630709,-33.91968958113202
Inner West,,151.07841430421112,-33.92001726869103
Inner West,PEEL PARK,151.0818024826632,-33.91682943521982
Inner West,,151.0788926139808,-33.91650477840271
Inner West,,151.07731445099466,-33.91597464810975
Inner West,BELMORE PLACE CARE COMMUNITY,151.07796607003715,-33.91470245315582
Inner West,,151.07739065418193,-33.91939502502764
Inner West,,151.07489552149656,-33.92022221235828
Inner West,,151.0751068735233,-33.92061274604486
Inner West,,151.07692614972157,-33.91777155902956
Inner West,,151.0869003697983,-33.915448642228306
Inner West,BELMORE SPORTSGROUND,151.09469677358896,-33.91662306700395
Inner West,,151.0925322586574,-33.91788973107202
Inner West,LARK STREET RESERVE,151.094337398068,-33.91447973426268
Inner West,REGIS BELMORE,151.08886978322658,-33.91642391368371
Inner West,BELMORE EARLY CHILDHOOD HEALTH CENTRE,151.08992648407173,-33.91678258940805
Inner West,BELMORE POST OFFICE,151.08884194982582,-33.917941542501744
Inner West,CANTERBURY HOSPITAL,151.0983422627761,-33.91935226714745
Inner West,,151.1047818960774,-33.9130100181514
Inner West,,151.10468379376016,-33.91074418417379
Inner West,CAMPSIE AMBULANCE STATION,151.10621300395314,-33.91069200455468
Inner West,CAMPSIE CENTRE,151.10287375134473,-33.91290167919537
Inner West,CAMPSIE LIBRARY,151.10295271505484,-33.91246929263978
Inner West,CAMPSIE POST OFFICE,151.10284216208782,-33.9126463495762
Inner West,,151.10283191680196,-33.91213594971581
Inner West,ANZAC PARK,151.10187048498764,-33.91159744699178
Inner West,HARCOURT RESERVE,151.09667807262682,-33.90592023641046
Inner West,CANTERBURY CITY COUNCIL,151.10342794090815,-33.907784098272
Inner West,EARLWOOD CHILDRENS CENTRE,151.11916096203063,-33.91750304265783
Inner West,,151.1327987876188,-33.91788288256516
Inner West,MARRICKVILLE GOLF CLUB,151.13928818938356,-33.91942629114084
Inner West,,151.1334736766204,-33.91353139018246
Inner West,,151.13143286599163,-33.913266684102105
Inner West,HURLSTONE PARK POST OFFICE,151.13156055791603,-33.909180211635196
Inner West,,151.13121982782704,-33.908433521100314
Inner West,SAWYER RESERVE,151.12868246534018,-33.91176084278132
Inner West,CANTERBURY AQUATIC & FITNESS CENTRE,151.11372864738667,-33.9103025735044
Inner West,BLICK OVAL,151.12183073978375,-33.90501039221738
Inner West,CAMPBELL ATHLETIC FIELD,151.11964490064392,-33.90470561727008
Inner West,,151.11927860540027,-33.90366065875939
Inner West,,151.11879713176415,-33.904242501994595
Inner West,WARWICK RESERVE,151.1226163883649,-33.91274587628707
Inner West,,151.1297894907058,-33.905195363934126
Inner West,FERNHILL STREET RESERVE,151.13129049110393,-33.90643389056875
Inner West,ST PAUL OF THE CROSS,151.13546145700303,-33.90611978332775
Inner West,MCNEILLY PARK,151.15048244288866,-33.91311710155108
Inner West,,151.1439751403953,-33.916514369598126
Inner West,RICHARDSONS LOOKOUT,151.1500219817454,-33.9211814300694
Inner West,WARREN PARK,151.14982364451043,-33.92173805681584
Inner West,,151.1556774639571,-33.92284611281588
Inner West,SIAOLA CONGREGATION,151.1598808356817,-33.92127704823062
Inner West,SYDNEY PORTUGAL COMMUNITY CLUB,151.1609443394685,-33.91560264285213
Inner West,,151.16147403916057,-33.91506112941667
Inner West,,151.16105381715215,-33.915329564771326
Inner West,FRASER PARK,151.16270975088565,-33.91541707944623
Inner West,MARRICKVILLE ROAD CHURCH,151.15464889205845,-33.90994730439797
Inner West,MARRICKVILLE TOWN HALL,151.15421302768596,-33.90899524856514
Inner West,ADDISON ROAD COMMUNITY CENTRE,151.16110844370456,-33.90220343863309
Inner West,JARVIE PARK,151.1562090815523,-33.90740428567041
Inner West,WICKS PARK,151.1630812356967,-33.909583626481655
Inner West,MARRICKVILLE BOWLING AND RECREATION CLUB,151.1641454581357,-33.91052565147212
Inner West,,151.16398138084904,-33.91032673141587
Inner West,CASIMIR CATHOLIC COLLEGE,151.1511284321892,-33.91093011485734
Inner West,THE MARONITE SISTERS OF THE HOLY FAMILY VILLAGE,151.14635129481456,-33.91010851225513
Inner West,ST MAROUN'S COLLEGE,151.144472058766,-33.90877342580224
Inner West,DULWICH HIGH SCHOOL OF VISUAL ARTS AND DESIGN,151.14465741624343,-33.90351228732361
Inner West,GILBERT BARRY RESERVE,151.14442435283456,-33.90806610528656
Inner West,,151.1579587158582,-33.9029156086306
Inner West,MARRICKVILLE FIRE STATION,151.15385650341764,-33.90914747529968
Inner West,MARRICKVILLE LIBRARY,151.15422779149765,-33.908930053823944
Inner West,MARRICKVILLE POST OFFICE,151.15721418586244,-33.91108777369175
Inner West,MARRICKVILLE DISTRICTS LAWN TENNIS CLUB,151.15241073862973,-33.903154768072476
Inner West,,151.15127073521168,-33.90157827263385
Inner West,LOUISA LAWSON RESERVE,151.14887030741517,-33.91585442335777
Inner West,MARRICKVILLE SOUTH POST OFFICE,151.1516799950787,-33.91530531658401
Inner West,MARRICKVILLE UNITING CHURCH,151.15015605530152,-33.91561799817063
Inner West,,151.15221224957955,-33.9150256944613
Inner West,MARRICKVILLE RSL CLUB,151.15384020618177,-33.91333884367811
Inner West,SILVER STREET BAPTIST MISSION,151.1564169292512,-33.91213574321049
Inner West,GREEK MACEDONIAN CLUB,151.1531352613474,-33.907028784390604
Inner West,NESS PLAYGROUND,151.14822427319876,-33.91052820562588
Inner West,COLUMBIA AGED CARE SERVICES-ACACIA CENTRE,151.147428020904,-33.907525891167154
Inner West,DULWICH HILL LIBRARY,151.14371986434438,-33.9035615710256
Inner West,HOLY TRINITY CHURCH,151.14513447915147,-33.9028441567401
Inner West,DULWICH HILL BAPTIST CHURCH,151.1437267220832,-33.9055881293673
Inner West,,151.14227488917555,-33.90282587045057
Inner West,MARRICKVILLE CROQUET CLUB,151.15122529752628,-33.901762204233016
Inner West,DULWICH HILL POST OFFICE,151.1430085639293,-33.90424545074612
Inner West,MORTON PARK,151.1464157902587,-33.89891350593398
Inner West,MALLAM RESERVE,151.1421195695646,-33.903206588460264
Inner West,,151.14031372228155,-33.90361696846426
Inner West,JOHNSON PARK,151.13755771973592,-33.900945549823376
Inner West,ARLINGTON RECREATION RESERVE,151.13667264382252,-33.90243330180236
Inner West,J F LAXTON RESERVE,151.13658562132596,-33.90335022746462
Inner West,TRINITY GRAMMAR SCHOOL,151.1313587603706,-33.8994489333341
Inner West,,151.12666782892381,-33.90444022021855
Inner West,,151.10725184000222,-33.90110213257963
Inner West,WESTERN SUBURBS AUSTRALIAN FOOTBALL CLUB,151.10523868221287,-33.89984385024117
Inner West,SANDO PARK,151.10018174298335,-33.902140852004486
Inner West,ECCLES RESERVE,151.08452156265398,-33.907726155267994
Inner West,MARRICKVILLE RAILWAY STATION,151.15355699881374,-33.91392879888763
Inner West,CANTERBURY PLACE CARE COMMUNITY,151.09342716034342,-33.911488239209326
Inner West,,151.09146107247832,-33.90604551665217
Inner West,WHIDDON RESERVE,151.0934026075901,-33.901839993856235
Inner West,WALSH AVENUE RESERVE,151.08960794865848,-33.90018891825122
Inner West,,151.0882140139675,-33.90156778503877
Inner West,BELFIELD BOWLING AND RECREATION CLUB,151.08873103843092,-33.90076203922111
Inner West,,151.08831797869024,-33.900645928893056
Inner West,BELFIELD POST OFFICE,151.0837499071299,-33.902875629488626
Inner West,,151.08550994931667,-33.90606937009072
Inner West,,151.08692269023817,-33.897809654299614
Inner West,,151.08774804884646,-33.89786707762792
Inner West,,151.08785378774195,-33.8984585476631
Inner West,ST ANNE'S CATHOLIC CHURCH,151.0781235402149,-33.891940972355506
Inner West,STRATHFIELD SOUTH POST OFFICE,151.08287544391328,-33.89191416131226
Inner West,ENFIELD POST OFFICE,151.0922721245174,-33.886694964858044
Inner West,ENFIELD SOUTH POST OFFICE,151.09367927162964,-33.89578771230344
Inner West,,151.10261875287324,-33.89782686497284
Inner West,2ND ENFIELD SCOUT GROUP,151.09091903891735,-33.899384248751055
Inner West,ENFIELD TENPIN BOWLING CENTRE,151.07940146287686,-33.89070133439622
Inner West,JACKSON PARK,151.09226018411064,-33.89883170890006
Inner West,CROYDON PARK POST OFFICE,151.10816626477435,-33.895556109509
Inner West,,151.1088357036971,-33.895491945420794
Inner West,,151.1146085867333,-33.89708293526308
Inner West,JAMES FOSTER RESERVE,151.11593709352888,-33.900073292536206
Inner West,,151.1036941260999,-33.892954682358
Inner West,HORTON RESERVE,151.10461365959097,-33.88457831794166
Inner West,,151.10960470559775,-33.88935416486248
Inner West,SUTHERLAND,151.11429597750606,-33.88888116310605
Inner West,PRATTEN PARK BOWLING CLUB,151.12303106147982,-33.89218580589349
Inner West,GRAHAM RESERVE,151.12223689776806,-33.89501529490561
Inner West,,151.11957610226955,-33.89921061648587
Inner West,WESLEY HOSPITAL ASHFIELD,151.11672828112216,-33.89236105119908
Inner West,ASHFIELD RSL CLUB,151.11844954483465,-33.88891582667975
Inner West,,151.12140807974757,-33.89112271386365
Inner West,,151.1253270062257,-33.89026794413023
Inner West,ASHFIELD MALL,151.12364528275867,-33.88936299476447
Inner West,ASHFIELD POST OFFICE,151.12438741964252,-33.88956984731631
Inner West,ASHFIELD FIRE STATION,151.13031733447855,-33.89131404063979
Inner West,ALLMAN PARK,151.13059845326356,-33.8918820790227
Inner West,BETHEL LODGE,151.12573544054098,-33.89463196854043
Inner West,THE SYDNEY PRIVATE HOSPITAL INCORPORATING THE NSW EYE CENTRE,151.1292499930889,-33.89394175930508
Inner West,,151.13185735499766,-33.88905245548961
Inner West,,151.1346326299994,-33.88870321863223
Inner West,DARRELL JACKSON GARDENS,151.13572714991798,-33.89037154983022
Inner West,HARDI SUMMER HILL (KNOWN AS WYOMING),151.1371484338178,-33.889414115859466
Inner West,KEGWORTH PUBLIC SCHOOL PRESCHOOL,151.14780222222038,-33.8874317054367
Inner West,78 KENSINGTON ROAD,151.13852107035171,-33.887650426343235
Inner West,64 KENSINGTON ROAD,151.13924043853632,-33.887977521931155
Inner West,,151.13652742666525,-33.89031809751336
Inner West,,151.13650710587518,-33.890568802094094
Inner West,,151.13334492737897,-33.89392171655455
Inner West,ST ANDREW'S ANGLICAN CHURCH,151.1352544070081,-33.891815710164586
Inner West,SUMMER HILL POST OFFICE,151.13778247372846,-33.89192190597993
Inner West,SUMMER HILL CHILDRENS COMMUNITY CENTRE,151.13699246023336,-33.89347231597266
Inner West,PETERSHAM RAILWAY STATION,151.15511198885878,-33.893882642162644
Inner West,ST THOMAS BECKET'S CATHOLIC CHURCH,151.14813369247543,-33.892821181196425
Inner West,PETERSHAM BOWLING CLUB,151.15227912915245,-33.8931163473811
Inner West,,151.15616581240005,-33.8905387192537
Inner West,,151.16014841955032,-33.88848969655589
Inner West,,151.14897653948572,-33.89572781499933
Inner West,,151.15141922403322,-33.89539216741254
Inner West,PETERSHAM RSL CLUB,151.15591799416265,-33.89481159701768
Inner West,MARRICKVILLE COUNCIL,151.15643498269347,-33.89481159701768
Inner West,,151.154452240063,-33.89493927148279
Inner West,ALL SAINTS ANGLICAN CHURCH,151.15816320206122,-33.89562545507774
Inner West,MARR PLAYGROUND,151.15721547674156,-33.89711695350921
Inner West,MAUNDRELL PARK,151.15912558429312,-33.895753290130415
Inner West,HOSKINS PARK,151.14014852569406,-33.89981897506035
Inner West,MONTAGUE GARDENS,151.16690944670415,-33.89618789998913
Inner West,STANMORE PLACE CARE COMMUNITY,151.16822196169102,-33.89654941751075
Inner West,CRAMMOND PARK,151.16230577131583,-33.895072691034976
Inner West,PORTUGUESE COMMUNITY CENTRE,151.1519828162627,-33.89625515649112
Inner West,,151.1624822094208,-33.89082544985656
Inner West,,151.16408304139307,-33.88969210687733
Inner West,STANMORE LIBRARY,151.16519357108663,-33.8938988671122
Inner West,WEEKLEY PARK,151.16551121896435,-33.89122279663412
Inner West,STANMORE RESERVE,151.16539700895578,-33.89381090382326
Inner West,WHITLEY RESERVE,151.168386056944,-33.891482563875385
Inner West,PINE SQUARE RESERVE,151.1598448177304,-33.88509518132641
Inner West,HOLY FAMILY CONVENT,151.16713476573693,-33.88667978852479
Inner West,BAIN PLAYGROUND,151.16941712076922,-33.891614378899035
Inner West,BURWOOD PLAZA,151.10213745890024,-33.87765880663698
Inner West,WESTFIELD SHOPPING CENTRE,151.1052148022977,-33.87476197121168
Inner West,,151.10717408632286,-33.87852870746951
Inner West,BURWOOD POST OFFICE,151.10191419341618,-33.87761480246017
Inner West,BURWOOD COURT HOUSE,151.10544920150141,-33.87897251425097
Inner West,BURWOOD FIRE STATION,151.10194961039454,-33.88016980613993
Inner West,BURWOOD SES,151.1126683604669,-33.8736670211681
Inner West,BEDE SPILLANE GARDENS,151.1219140693061,-33.87716899729872
Inner West,,151.12156739596324,-33.876248486167675
Inner West,ST CHRISTOPHORUS,151.11690714018678,-33.88258109835185
Inner West,REED RESERVE,151.11400445084013,-33.883076277423406
Inner West,CROYDON POST OFFICE,151.11454463836318,-33.883289172442446
Inner West,BURWOOD RSL CLUB,151.10678083623083,-33.88083370531319
Inner West,BILL PETERS RESERVE,151.1204937268407,-33.88610396955634
Inner West,,151.12542198869397,-33.8860888565054
Inner West,PRESBYTERIAN AGED CARE-ASHFIELD,151.12630130999972,-33.88547346087888
Inner West,,151.1275152124263,-33.88183854957895
Inner West,ST JOHN'S ANGLICAN CHURCH,151.12802664308046,-33.88138960663323
Inner West,WOODSTOCK COMMUNITY CENTRE,151.10445839477725,-33.881925284997585
Inner West,FITZROY HALL,151.1044902975463,-33.88235607539581
Inner West,WOODSTOCK PARK,151.10429718670966,-33.88176002502429
Inner West,SHAFTESBURY ROAD LANDSCAPED VERGE,151.1062623241572,-33.88216049032448
Inner West,BURWOOD PRESBYTERIAN CHURCH,151.10083001759804,-33.87882951137179
Inner West,,151.12592675025542,-33.87841071430219
Inner West,J G MCCARTNEY RESERVE,151.12342601477764,-33.87964466894751
Inner West,THE INFANTS HOME,151.12859714604946,-33.87837550426226
Inner West,CROYDON PRE-SCHOOL,151.11790185458236,-33.88370028740828
Inner West,,151.1309119060089,-33.87625520899207
Inner West,ST DAVID'S UNITING CHURCH,151.1376869091519,-33.882298697556905
Inner West,ST OSWALD'S HABERFIELD,151.13939863455278,-33.880134066571685
Inner West,,151.1397622222741,-33.878909084976705
Inner West,SAINT JOAN OF ARC,151.1404771357132,-33.87889883921546
Inner West,HABERFIELD POST OFFICE,151.13868605224187,-33.88096741168055
Inner West,HABERFIELD LIBRARY,151.1392095751181,-33.87971332417205
Inner West,ASHFIELD-LEICHHARDT SES,151.13877824633943,-33.87948355936493
Inner West,HABERFIELD BAPTIST PRE-SCHOOL,151.1397465718252,-33.8786939311906
Inner West,,151.14416872644065,-33.88064837498284
Inner West,NSW CATHOLIC LAWN TENNIS ASSOCIATION,151.14448507445616,-33.8800880008251
Inner West,,151.14542058268805,-33.88040998695637
Inner West,,151.14722390211188,-33.87739219998637
Inner West,RICHARD MURDEN RESERVE,151.1479752539138,-33.875914058173066
Inner West,REG COADY RESERVE,151.13586644987245,-33.87380995214722
Inner West,WADIM BILL JEGOROW RESERVE,151.1304266226177,-33.87352959427945
Inner West,,151.15237802019047,-33.880565368670986
Inner West,ST COLUMBA'S CATHOLIC CHURCH,151.15246627068396,-33.878233398329435
Inner West,SYDNEY SECONDARY COLLEGE LEICHHARDT CAMPUS,151.15876482895982,-33.87908398987996
Inner West,,151.1486777247879,-33.87510544393091
Inner West,,151.1484987148063,-33.87505051276249
Inner West,36TH BATTALION PARK,151.16089286869766,-33.88093315132697
Inner West,ALL SOULS ANGLICAN CHURCH LEICHHARDT,151.1568006329467,-33.883572855643
Inner West,LEICHHARDT POST OFFICE,151.15715280038586,-33.883129388991044
Inner West,LEICHHARDT MUNICIPAL COUNCIL,151.15804345214227,-33.88301614746426
Inner West,LEICHHARDT FIRE STATION,151.1588963486056,-33.88350800986729
Inner West,LEICHHARDT LIBRARY,151.1585010458632,-33.88731759339529
Inner West,WOMENS COMMUNITY HEALTH CENTRE,151.15577592380384,-33.885380414882384
Inner West,STYLES STREET CHILDRENS LONG DAY CENTRE,151.16215484446667,-33.88347838392322
Inner West,LEICHHARDT PRE-SCHOOL,151.16011377332646,-33.88430166304934
Inner West,LEICHHARDT LONG DAY CENTRE,151.1601103489486,-33.883588425542456
Inner West,,151.16138822759308,-33.88471621997599
Inner West,STYLE STREET RESERVE,151.1661101024081,-33.882859717195934
Inner West,MAYES STREET RESERVE,151.16618288031916,-33.88316971820254
Inner West,LEICHHARDT GARBAGE DEPOT,151.16461300968152,-33.88056379954431
Inner West,LEICHHARDT BOWLING AND RECREATION CLUB,151.16178135102268,-33.87637999656971
Inner West,WAR MEMORIAL PARK,151.16367231188227,-33.878516480816415
Inner West,,151.16925919334903,-33.87642581148549
Inner West,ANNANDALE GROVE CARE COMMUNITY,151.16900839000985,-33.884048743809366
Inner West,,151.17023484190102,-33.8814723168165
Inner West,ANNANDALE NEIGHBOURHOOD CENTRE,151.1703902944626,-33.882817335498316
Inner West,TOXTETH KINDERGARTEN,151.1697986361687,-33.88430394877297
Inner West,HUDSON STREET RESERVE,151.17066045110622,-33.87717447379832
Inner West,ALWYN REHABILITATION HOSPITAL,151.09431737282367,-33.882888276168934
Inner West,,151.09447983583772,-33.879062467708565
Inner West,,151.0959073046383,-33.87455920647965
Inner West,,151.091857675083,-33.87557348922649
Inner West,SANTA SABINA COLLEGE SANTA MARIA DEL MONTE,151.0923975302294,-33.87566576429254
Inner West,,151.0888945057615,-33.87554262618466
Inner West,,151.0883557887806,-33.875338023348874
Inner West,STRATHFIELD CROQUET CLUB,151.0884599682007,-33.87499746403685
Inner West,WEST SYDNEY CHINESE CHRISTIAN CHURCH,151.0866003181203,-33.87662690040678
Inner West,STRATHFIELD MUNICIPAL COUNCIL,151.08639487341486,-33.87486498565138
Inner West,TODMAN RESERVE,151.079926564093,-33.87700783381837
Inner West,MOUNT ROYAL RESERVE,151.07811397585206,-33.87670382916327
Inner West,INVERESK PARK,151.0800993173087,-33.87324914748082
Inner West,GOONDEE AGED CARE HOME,151.0949118284714,-33.878513136646774
Inner West,GLEBE PCYC,151.17736045210944,-33.88007867774378
Inner West,LEWIS HOAD RESERVE,151.1769675164278,-33.87988282418869
Inner West,ST SCHOLASTICA'S COLLEGE GLEBE POINT,151.18058351392412,-33.87613162275022
Inner West,,151.18127548888245,-33.876275180565685
Inner West,SYDNEY SECONDARY COLLEGE BLACKWATTLE BAY CAMPUS,151.18778420712064,-33.87500553169355
Inner West,ARTHUR GRAY RESERVE,151.18275918862645,-33.87967033309238
Inner West,,151.18519357274076,-33.879854865315544
Inner West,,151.18421733219904,-33.8801716616557
Inner West,GLEBE FIRE STATION,151.18659576294922,-33.88122067117969
Inner West,WENTWORTH PARK GREYHOUND TRACK,151.19339709301823,-33.87745047535061
Inner West,MILLARD RESERVE,151.1921535830182,-33.878169135443194
Inner West,SYDNEY CENTRE FOR TENNIS,151.1761514356197,-33.88833558803938
Inner West,,151.17574265096144,-33.8885582805318
Inner West,CAMPERDOWN BOWLING AND RECREATION CLUB,151.17641595353825,-33.88811188302814
Inner West,PETER COTTER RESERVE,151.17500282723958,-33.89169290333167
Inner West,,151.17546548476372,-33.896997257659244
Inner West,NORTON RUSSELL PLAYGROUND,151.17337614265173,-33.8959425649341
Inner West,ST STEPHEN'S ANGLICAN CHURCH,151.17999794261456,-33.89452774389775
Inner West,,151.18056748618278,-33.89503115203116
Inner West,NEWTOWN FIRE STATION,151.17849455718937,-33.896445318242726
Inner West,NEWTOWN POLICE STATION,151.1785532351437,-33.89662572731604
Inner West,NEWTOWN COURT HOUSE,151.17865431357953,-33.89686473439499
Inner West,NEWTOWN TOWN HALL,151.17847501613699,-33.89729290747562
Inner West,NEWTOWN LIBRARY,151.18280497665484,-33.89531841185848
Inner West,NEWTOWN POST OFFICE,151.1770681196548,-33.89799428522773
Inner West,,151.18060948242237,-33.89641617698656
Inner West,NEWTOWN RAILWAY STATION,151.17963447077585,-33.89785612355668
Inner West,,151.17999514526076,-33.88678145819797
Inner West,CAMPERDOWN CHILD CARE CENTRE,151.17984178936706,-33.88660328115078
Inner West,,151.1904434440422,-33.88526745972515
Inner West,UNIVERSITY OVAL NUMBER TWO,151.1848294379454,-33.88652303536095
Inner West,UNIVERSITY OVAL NUMBER ONE,151.18501203400166,-33.88793659245211
Inner West,,151.18796412350235,-33.8875029509993
Inner West,ST ANDREWS OVAL,151.1847220048273,-33.8905614070346
Inner West,ROYAL PRINCE ALFRED HOSPITAL,151.1824848727831,-33.88956340219709
Inner West,MACDONALDTOWN RAILWAY STATION,151.1863496030018,-33.896734998877534
Inner West,,151.1924747981059,-33.89139965534994
Inner West,UNIVERSITY OF SYDNEY SPORTS AQUATIC CENTRE,151.19169819466134,-33.891113041513684
Inner West,VICTORIA PARK,151.1921127069778,-33.88691676974374
Inner West,SYDNEY UNIVERSITY POST OFFICE,151.18757732780568,-33.88574837738632
Inner West,MISSENDEN ROAD POST OFFICE,151.18264333829418,-33.89008862897114
Inner West,PEACE PARK,151.1966551855357,-33.887167438086365
Inner West,BROADWAY POST OFFICE,151.1944381784488,-33.88359089101246
Inner West,,151.19964630503895,-33.88783269072696
Inner West,YELLOWMUNDI PARK,151.19762235488972,-33.890684159569645
Inner West,CHARLES KEENAN RESERVE,151.1944903130746,-33.89181808516902
Inner West,JACK HAYNES RESERVE,151.1849074242885,-33.8951432017102
Inner West,MICHAEL KELLY REST AREA,151.18466207102816,-33.894308772187635
Inner West,,151.1849827668897,-33.89670955908483
Inner West,GREEN BANS PARK,151.18226418905715,-33.89835152712167
Inner West,PINKSTONE PLAYGROUND,151.18337443128988,-33.89873535572147
Inner West,,151.18426976237055,-33.89945260848288
Inner West,,151.18452994232462,-33.89884928770465
Inner West,ERSKINEVILLE RAILWAY STATION,151.18557586787793,-33.900099529875675
Inner West,VICE CHANCELLORS OVAL,151.19623590496167,-33.89680555366241
Inner West,,151.1986707903359,-33.89329383449981
Inner West,DANIEL DAWSON RESERVE,151.19844390374294,-33.895343833424846
Inner West,ALEXANDRIA CHILD CARE CENTRE,151.1931561145534,-33.89718948988204
Inner West,,151.19500931832332,-33.8973100377244
Inner West,,151.19470582519946,-33.897347077196734
Inner West,ALEXANDRIA POST OFFICE,151.19523383066894,-33.89781334741424
Inner West,ALEXANDRIA ACTIVITY CENTRE,151.19385392406943,-33.89938259944376
Inner West,DIBBS STREET RESERVE,151.19173431951216,-33.89992736717976
Inner West,CITY OF SYDNEY SES,151.18794439380378,-33.898857462712435
Inner West,,151.18726617025587,-33.900429888224274
Inner West,ALEXANDRIA-ERSKINEVILLE BOWLING CLUB,151.18924445814088,-33.90257847355179
Inner West,,151.18933434805976,-33.902111584452584
Inner West,ALEXANDRIA TOWN HALL,151.19749783581491,-33.898016354389334
Inner West,POWERHOUSE MUSEUM,151.19971519324483,-33.87809614137906
Inner West,FIG LANE PARK,151.19565105859257,-33.875691061196356
Inner West,HARRIS STREET MOTOR MUSEUM,151.1965458165482,-33.87358851445257
Inner West,WENTWORTH PARK,151.19250928263304,-33.87615756465125
Inner West,,151.19829533407298,-33.884614066088815
Inner West,,151.19614841623948,-33.88376507859777
Inner West,SYDENHAM RAILWAY STATION,151.1660439837083,-33.9148152291748
Inner West,,151.16867073485412,-33.90237811086914
Inner West,ENMORE CHILDRENS CENTRE,151.1691066261761,-33.90228198984952
Inner West,ST LUKE'S ANGLICAN CHURCH,151.16991957815205,-33.89885652173658
Inner West,,151.1720862975493,-33.900129863597215
Inner West,,151.171969336001,-33.89984598344303
Inner West,ANNETTE KELLERMAN AQUATIC CENTRE,151.17035079104795,-33.9046294317507
Inner West,MARRICKVILLE METRO SHOP POST OFFICE,151.17145780653215,-33.90673164665791
Inner West,,151.16341985025312,-33.90948416243019
Inner West,,151.16806295000427,-33.91823965795178
Inner West,ST PETERS SYDENHAM LIBRARY,151.16742755633243,-33.915469626674735
Inner West,WOLLI CREEK INTERCHANGE STATION,151.15405760117548,-33.9285209123231
Inner West,ALEXANDRIA BASKETBALL STADIUM,151.19543204213977,-33.908062286619426
Inner West,LIONEL BOWEN PARK,151.19160038878817,-33.92565900040402
Inner West,MASCOT OVAL,151.19039570127975,-33.92582124816844
Inner West,HUGHES AVENUE RESERVE,151.1940239086774,-33.9232234243272
Inner West,GREEK ORTHODOX CHURCH OF ST CATHERINE,151.1925771036404,-33.92478753121553
Inner West,,151.19953723968192,-33.91136645447832
Inner West,BEACONSFIELD PARK,151.19976531025446,-33.91097608194004
Inner West,LEVER STREET RESERVE,151.19699737718364,-33.92313041430528
Inner West,ROSEBERY UNITING CHURCH,151.19673414026263,-33.9254289844547
Inner West,MASCOT FIRE STATION,151.19653478164324,-33.92584327285621
Inner West,LAURISTON PARK,151.1980379604559,-33.925512556081244
Inner West,THE COUNCIL OF THE CITY OF BOTANY BAY,151.19627793713383,-33.92580504122064
Inner West,,151.19631294987033,-33.92786862159766
Inner West,MASCOT AMBULANCE STATION,151.19535176060117,-33.92468847922457
Inner West,HIGH STREET RESERVE,151.1879971195211,-33.92928752091215
Inner West,BODEN RESERVE,151.07012236365856,-33.873936011975054
Inner West,COSGROVE RESERVE,151.0683987248004,-33.87765668257567
Inner West,,151.07039833779194,-33.87706667327986
Inner West,ROOKWOOD MEMORIAL GARDENS AND CREMATORIUM,151.05978240349708,-33.877265413622425
Inner West,FRESHWATER PARK,151.07306903002993,-33.881197669925456
Inner West,STRATHFIELD GOLF COURSE,151.07079772786892,-33.88302089796304
Inner West,STRATHFIELD GOLF COURSE,151.06587700467756,-33.881638948078226
Inner West,STRATHFIELD GOLF CLUB,151.07004162487743,-33.883700475338614
Inner West,,151.0511056210835,-33.88435658527971
Inner West,,151.05041767147603,-33.88293543592799
Inner West,,151.07045416539188,-33.8840320620772
Inner West,FRANK ZIONS RESERVE,151.06717399408137,-33.874377452234334
Inner West,,151.06039512728438,-33.89278481459491
Inner West,BYRANT PARK,151.06518944943045,-33.88774473609623
Inner West,TWEEDIE PARK,151.06581354858417,-33.89033330973851
Inner West,,151.05554500538608,-33.897567339999895
Inner West,,151.06460741838146,-33.90560654181018
Inner West,GREENACRE BOWLING AND RECREATION CLUB,151.06479510608875,-33.90592907503502
Inner West,NORM NEILSON RESERVE,151.06385274101626,-33.907280708768546
Inner West,,151.05950114996477,-33.9033124979527
Inner West,,151.05719564983923,-33.90545990869073
Inner West,GREENACRE CITIZENS CENTRE,151.05674683265866,-33.905707807938384
Inner West,GREENACRE POST OFFICE,151.05620504074452,-33.90681914406738
Inner West,GREENACRE LIBRARY AND KNOWLEDGE CENTRE,151.05613032606564,-33.90789682082018
Inner West,,151.0562514378306,-33.90728502027861
Inner West,KARINGAL PRE-SCHOOL,151.05578672765606,-33.90728960093158
Inner West,GREENACRE CIVIC CENTRE RESERVE,151.05523141789345,-33.90750724578258
Inner West,GREENACRE EARLY CHILDHOOD HEALTH CENTRE,151.05613032606564,-33.90789682082018
Inner West,GREENACRE LEISURE CENTRE,151.05380770494915,-33.90761948409191
Inner West,,151.05430554678802,-33.9073858467761
Inner West,BROMLEY RESERVE,151.05286537580938,-33.90935038371667
Inner West,,151.056581393526,-33.909413418334836
Inner West,,151.05633489311714,-33.91095308050937
Inner West,MIMOSA RESERVE,151.05244610332014,-33.9104509905268
Inner West,ETHEL PYERS RESERVE,151.0668423351802,-33.90932530256088
Inner West,BETTINA RESERVE,151.05957629493656,-33.91613285373393
Inner West,,151.05492545080938,-33.915242372053626
Inner West,,151.055441022697,-33.91580718339947
Inner West,,151.0567754278308,-33.91961128971676
Inner West,,151.05622114933414,-33.91757670000103
Inner West,ST CHARBEL'S COLLEGE,151.05588655024704,-33.918040137173286
Inner West,,151.07406389713907,-33.912679587781525
Inner West,HAMPDEN ROAD RESERVE,151.07287748765182,-33.9155593023426
Inner West,FAIRMOUNT STREET RESERVE,151.07019626266705,-33.91776926376654
Inner West,HILLARD STREET RESERVE,151.06767144964473,-33.918080125602735
Inner West,MCCOURT STREET RESERVE,151.06816033617855,-33.91754053926894
Inner West,,151.07318456685022,-33.918770119295864
Inner West,,151.07181744327718,-33.920904568175246
Inner West,,151.0732524058238,-33.92215957956792
Inner West,,151.159026810036,-33.92780050379443
Inner West,,151.15944273001261,-33.927739315642484
Inner West,BOOLER MEMORIAL PLAYGROUND,151.18593188190314,-33.879703320143385
Inner West,COOINOO RESERVE,151.0924449226488,-33.89225801015875
Inner West,ERSKINEVILLE PARK,151.19062523341125,-33.90119823554373
Inner West,EVE SHARPE RESERVE,151.1697959385279,-33.897863177975715
Inner West,IBROX PARK,151.15885375139317,-33.88089493832706
Inner West,MAHONEY MEMORIAL RESERVE,151.1419196998038,-33.92169288717742
Inner West,MARY BARRY PARK,151.05321583105953,-33.92519126872695
Inner West,MINOGUE RESERVE,151.1782943739165,-33.88014926942603
Inner West,NEATE RESERVE,151.0973577307842,-33.912788195400246
Inner West,RICHARDS PARK,151.13776902774532,-33.91414937593987
Inner West,RIVERSIDE PARK,151.13835357767036,-33.92049206417734
Inner West,ST PETERS POST OFFICE,151.17976271875742,-33.91126762693992
Inner West,STRATHFIELD POST OFFICE,151.09389455109076,-33.873045557229844
Inner West,UNDERWOOD RESERVE,151.1382718444542,-33.8884898136329
Inner West,WANSTEAD AVENUE RESERVE,151.14742368204114,-33.92181581031848
Inner West,,151.1575529073185,-33.88304659763468
Inner West,,151.12760296076158,-33.88236300506227
Inner West,,151.05465860176267,-33.92429330248834
Inner West,,151.05458878110554,-33.92222420065227
Inner West,,151.05864602208626,-33.926872346711626
Inner West,EXHIBITION CENTRE SLR STOP,151.1996381923536,-33.87717555000544
Inner West,,151.05733763934964,-33.92549379387882
Inner West,AUSTRALIAN INTERNATIONAL ACADEMY STRATHFIELD,151.08863991961675,-33.892890114393765
Inner West,,151.09962962493503,-33.90165781905431
Inner West,HOLY SPIRIT COLLEGE,151.07628504545946,-33.9222121621455
Inner West,LAKEMBA BOWLING CLUB,151.07650932424318,-33.92387374325196
Inner West,WILEY PARK RAILWAY STATION,151.06730038614353,-33.92295401200753
Inner West,PRINCE EDWARD RESERVE,151.1645816090707,-33.840674663556136
Inner West,PRINCE EDWARD RESERVE,151.1657637425773,-33.840826333967165
Inner West,WEIL PARK,151.16694824314462,-33.840609244248455
Inner West,HUNTERS HILL SAILING CLUB,151.17145232052073,-33.84231854094646
Inner West,KESSEL RESERVE,151.07314383364195,-33.8728411072739
Inner West,KOREAN PRESBYTERIAN CHURCH IN SYDNEY,151.07206980609163,-33.870929556260045
Inner West,,151.05252110456152,-33.859529695894715
Inner West,FLEMINGTON MARKETS,151.0723060603164,-33.86128095274941
Inner West,INNER WEST BAPTIST CHURCH,151.067801517613,-33.86594172889739
Inner West,ST DOMINICS CATHOLIC CHURCH,151.06887223756644,-33.86515701335976
Inner West,HOMEBUSH WEST POST OFFICE,151.06992099640613,-33.86631908563533
Inner West,MELVILLE RESERVE,151.0703573359874,-33.8689013300403
Inner West,HENNEY COTTAGE RESERVE,151.1361263333824,-33.840387511535084
Inner West,GLADESVILLE RESERVE,151.1391212087419,-33.84043759275429
Inner West,HUDSON PARK GOLF COURSE,151.06303585352111,-33.86806035672173
Inner West,HUDSON PARK GOLF COURSE,151.06661373639824,-33.87176270409681
Inner West,BALMAIN ROWING CLUB,151.17158323021042,-33.85378346189079
Inner West,,151.16391423178155,-33.84834833181566
Inner West,,151.1527883373746,-33.8601293321936
Inner West,BIRKENHEAD WHARF,151.16123133054052,-33.85767101451139
Inner West,ELLIOTT STREET WHARF,151.16861442306228,-33.85502301920174
Inner West,,151.17085825923343,-33.85446616732555
Inner West,,151.1707737915456,-33.85399507446676
Inner West,,151.1714743534997,-33.853736920884884
Inner West,ALAN DAVIDSON OVAL,151.18770090544606,-33.9086987648131
Inner West,,151.16815668650918,-33.92169385548186
Inner West,,151.1592774696447,-33.92940404390725
Inner West,STRATHFIELD POST BUSINESS CENTRE,151.0658022271167,-33.876728498527996
Inner West,KEITH SMITH PARK,151.10958271663625,-33.88893451639828
Inner West,GREENWICH BATHS,151.1829813339114,-33.84099279461202
Inner West,GREENWICH SAILING CLUB,151.18493580386496,-33.84248893668096
Inner West,MANNS POINT PARK,151.18675248033878,-33.84276245463623
Inner West,BALLS HEAD RESERVE,151.19479529470684,-33.84644257189907
Inner West,WAVERTON PARK INCLUDES MERRETT PLAYGROUND,151.19847787712865,-33.840805904931436
Inner West,AIREY PARK,151.07383988695167,-33.86817436025642
Inner West,BALMAIN LEAGUES CLUB,151.1689068902642,-33.86357956799632
Inner West,ROZELLE COMMON,151.16790018156297,-33.8672415686021
Inner West,VICTORIA ROAD RESERVE,151.17507285361089,-33.8670983066329
Inner West,ST JOSEPH'S CATHOLIC CHURCH ROZELLE,151.17315383567004,-33.866735561114204
Inner West,O'CONNOR RESERVE,151.17181412418793,-33.86639342419839
Inner West,EASTON PARK,151.17015551886476,-33.86916338349767
Inner West,ROZELLE NEIGHBOURHOOD CENTRE,151.1700997900795,-33.86339103744378
Inner West,ROZELLE POST OFFICE,151.17056518207536,-33.86262805005743
Inner West,,151.17937322452156,-33.860607255513
Inner West,VANARDI GREEN,151.1799344416055,-33.86124797424334
Inner West,BALMAIN HOSPITAL,151.18194397738762,-33.85947891496058
Inner West,GLADSTONE PARK BOWLING CLUB,151.18306765751862,-33.859139430727545
Inner West,,151.18279817281487,-33.85915060013329
Inner West,BIRRUNG PARK,151.18476988143868,-33.860695308980304
Inner West,CHANNEL TEN TV STUDIO,151.19072078900464,-33.870225596778475
Inner West,PYRMONT BAY PARK,151.19697549601992,-33.86813675690378
Inner West,METCALFE PARK,151.195852856138,-33.865891987846695
Inner West,PIRRAMA PARK,151.19299590092078,-33.86323943842252
Inner West,GIBA PARK,151.1926419134949,-33.86413563913849
Inner West,JAMES WATKINSON RESERVE,151.19388084298527,-33.865783882172565
Inner West,JOHN STREET SQUARE SLR STOP,151.19217639663316,-33.867335771126065
Inner West,THE STAR SLR STOP,151.19504089859706,-33.8672358587446
Inner West,PYRMONT BAY SLR STOP,151.19783030948807,-33.86954224609657
Inner West,CONVENTION SLR STOP,151.19809543736272,-33.872616577000464
Inner West,HARBOURSIDE MONORAIL STATION,151.19860992498386,-33.87040627462211
Inner West,PYRMONT POST OFFICE,151.19447107655114,-33.87091165545407
Inner West,,151.19373104621667,-33.867786632600534
Inner West,,151.19309053394434,-33.868618758666464
Inner West,AUSTRALIAN NATIONAL MARITIME MUSEUM,151.1987358059046,-33.869247653980736
Inner West,STAR CITY CASINO,151.19532116667756,-33.867883381003345
Inner West,LYRIC THEATRE,151.1960318939674,-33.868694119329035
Inner West,BLACKWATTLE BAY PARK,151.18483140076432,-33.87168433212209
Inner West,LEICHHARDT PARK,151.15337425902712,-33.86698506471829
Inner West,LEICHHARDT ROWING CLUB,151.15501765227918,-33.86602983579039
Inner West,SYDNEY COLLEGE OF THE ARTS,151.16313290409687,-33.8656685424995
Inner West,DOBROYD AQUATIC CLUB,151.14856064645858,-33.86535987725592
Inner West,,151.1286299004213,-33.87330319150594
Inner West,DOMREMY CATHOLIC COLLEGE,151.1339978543685,-33.86884596002803
Inner West,,151.1356606997398,-33.865042354609166
Inner West,,151.13533265386263,-33.86562310446304
Inner West,FIVE DOCK PARK,151.1345898540222,-33.866512743789535
Inner West,DRUMMOYNE MUNICIPAL SENIOR CITIZENS CLUB,151.13281062921087,-33.86308542826897
Inner West,FIVE DOCK LIBRARY,151.12882995882833,-33.86816530663207
Inner West,,151.13334810921168,-33.86046359003762
Inner West,FIVE DOCK POST OFFICE,151.1300838497598,-33.86791557972582
Inner West,,151.129390306343,-33.86706599124169
Inner West,,151.1285637197377,-33.86860060675783
Inner West,ROSEBANK COLLEGE,151.12133427865544,-33.87025380643608
Inner West,BARNWELL PARK GOLF CLUB,151.11884619235508,-33.865041646732706
Inner West,BARNWELL PARK GOLF COURSE,151.1191148515071,-33.86563768855671
Inner West,CHARLES HEATH RESERVE,151.11744366976998,-33.86838068462127
Inner West,FIVE DOCK LEISURE CENTRE,151.11802379189905,-33.868283927085486
Inner West,CINTRA PARK,151.1133033238457,-33.86398495520048
Inner West,,151.11242293534144,-33.86549854059717
Inner West,,151.11201145304236,-33.866577310830806
Inner West,,151.11101966086642,-33.864874253555314
Inner West,CONCORD OVAL,151.1093215422472,-33.86842534322815
Inner West,MLC SCHOOL,151.10101471211874,-33.87127522530778
Inner West,MLC SCHOOL MUSIC CENTRE,151.10024099496115,-33.87133732739822
Inner West,BURWOOD PARK,151.10294142053675,-33.87296536581553
Inner West,ST JOHN OF GOD BURWOOD HOSPITAL,151.10053249467762,-33.86978881840656
Inner West,STRATHFIELD PRIVATE HOSPITAL,151.097578092015,-33.87197803720833
Inner West,,151.10680574741193,-33.8676694644602
Inner West,QUEEN ELIZABETH PARK,151.10317792628985,-33.86302781667704
Inner West,,151.1022783102452,-33.85975244192731
Inner West,,151.0820694215414,-33.86645169886744
Inner West,,151.07762832504991,-33.867887845175524
Inner West,STRATHFIELD RAILWAY STATION,151.0943381607377,-33.87180348172069
Inner West,,151.0879724165634,-33.86915302990529
Inner West,RUSSIAN SEVENTH DAY ADVENTIST CHURCH,151.0879951133974,-33.86927369419282
Inner West,THE RUSSIAN CLUB,151.09271202232551,-33.87121884171404
Inner West,BILL BOYCE RESERVE,151.0810987388763,-33.86088080049824
Inner West,OUR LADY OF THE ASSUMPTION,151.08341602579674,-33.86141471287256
Inner West,,151.0953953987753,-33.86729086207316
Inner West,,151.09308750553788,-33.86346442525516
Inner West,,151.09465884671766,-33.86393910451581
Inner West,FRANCIS STREET RESERVE,151.16237219454462,-33.84082937295367
Inner West,SYDNEY SECONDARY COLLEGE BALMAIN CAMPUS,151.17008710586768,-33.85839430878538
Inner West,BALMAIN POST OFFICE,151.17762208463932,-33.85659011981155
Inner West,BALMAIN POLICE STATION,151.17723700023325,-33.856536004034645
Inner West,BALMAIN COURT HOUSE,151.17731360676405,-33.85649505649189
Inner West,BALMAIN FIRE STATION,151.17703229933278,-33.855989514974816
Inner West,BALMAIN TOWN HALL,151.1768146896418,-33.85637178405326
Inner West,BALMAIN LIBRARY,151.1768146896418,-33.85637178405326
Inner West,,151.17875174305857,-33.85686418419167
Inner West,COLLEGE STREET PLAYGROUND,151.18185131706434,-33.855194320611645
Inner West,,151.18259336411657,-33.85018680868327
Inner West,,151.18035021785153,-33.850380152781966
Inner West,BIRCHGROVE TENNIS,151.18016142701313,-33.850209146850695
Inner West,BALMAIN SAILING CLUB,151.17756479548038,-33.851675689746514
Inner West,ST ANDREWS CONGREGATIONAL CHURCH,151.18355359488336,-33.857895123076986
Inner West,DRUMMOYNE SAILING CLUB,151.16266397184046,-33.85398808281598
Inner West,BRETT PARK,151.15767418167843,-33.856683829051214
Inner West,,151.14389501157024,-33.85444559533301
Inner West,DRUMMOYNE PARK,151.151260319246,-33.85166103314094
Inner West,DRUMMOYNE SPORTS CLUB,151.15095953274613,-33.84770084570108
Inner West,,151.15092814111856,-33.84735594740524
Inner West,HOWLEY PARK,151.14470256736627,-33.84402743413317
Inner West,GLADESVILLE BRIDGE MARINA,151.1452318816811,-33.84399706405295
Inner West,,151.1538885400357,-33.85570710527226
Inner West,,151.1549195508603,-33.85410822692925
Inner West,,151.15630548066378,-33.854641270022896
Inner West,,151.1536741669746,-33.851996143272544
Inner West,CITY OF CANADA BAY COUNCIL,151.15287226697154,-33.85160449783155
Inner West,DRUMMOYNE LIBRARY,151.15290112175686,-33.85127361918632
Inner West,BOB SMITH RESERVE,151.1503072866796,-33.84513331104044
Inner West,UTZ RESERVE,151.15274620638775,-33.8438372719648
Inner West,MENZIES RESERVE,151.15683801274398,-33.84566025864665
Inner West,ST GEORGES RESERVE,151.16167933205077,-33.854484328207185
Inner West,SALTON RESERVE,151.16254890124586,-33.85445915780905
Inner West,CHISWICK PARK,151.14130297851344,-33.84706191141765
Inner West,CAMPBELL PARK,151.13770096419285,-33.85262724318138
Inner West,BATTERSEA PARK,151.12602945015036,-33.84590572856474
Inner West,SYDNEY ROWING CLUB,151.12750861430055,-33.84436497217076
Inner West,WERRELL RESERVE,151.1289965370248,-33.84421054970805
Inner West,QUARANTINE RESERVE,151.12311438201908,-33.848008229614756
Inner West,HENRY LAWSON PARK,151.12574323073116,-33.849916338237456
Inner West,,151.1296232799204,-33.853627497274516
Inner West,WAREEMBA POST OFFICE,151.13109534468492,-33.85749421792757
Inner West,,151.13952066080262,-33.85337625520495
Inner West,MASON PARK,151.08055082404522,-33.85553453072055
Inner West,BRESSINGTON PARK,151.07949373782284,-33.853463394047935
Inner West,,151.08245505122494,-33.85186408576619
Inner West,,151.0954737085119,-33.856631022549195
Inner West,,151.09106802001565,-33.855446809124885
Inner West,CONCORD WEST RAILWAY STATION,151.08563660997507,-33.84852493171873
Inner West,,151.08925811144917,-33.84817435023789
Inner West,CONCORD LIBRARY,151.09819920606705,-33.8568399641401
Inner West,,151.08812137161055,-33.847823177178
Inner West,,151.09728735406995,-33.84572332913592
Inner West,SOUTHERN CAR PARK,151.06631741362708,-33.85492896870685
Inner West,STATE SPORTS CENTRE,151.069453560743,-33.853265586023234
Inner West,,151.0703272711715,-33.855523263115685
Inner West,,151.07040728321556,-33.85512206185827
Inner West,,151.0712870887132,-33.854822162872125
Inner West,,151.07558385648133,-33.85351038356031
Inner West,SYDNEY OLYMPIC PARK TENNIS CENTRE,151.0722730283651,-33.854725898749116
Inner West,,151.07377015612605,-33.85424549261022
Inner West,,151.07358293464443,-33.8546805235225
Inner West,,151.0655713870381,-33.852687167011
Inner West,SYDNEY OLYMPIC PARK AQUATIC CENTRE,151.06696710488492,-33.85046544448832
Inner West,,151.06101260226117,-33.84538977909261
Inner West,AUBURN RESOURCE RECOVERY CENTRE,151.05885848622736,-33.843223992096924
Inner West,RON ROUTLEY OVAL,151.09893733646467,-33.8449248712864
Inner West,,151.09830452455097,-33.852294974914464
Inner West,CONCORD GOLF CLUB,151.09929120710964,-33.85198413140662
Inner West,CONCORD POST OFFICE,151.10315398349252,-33.857227664670084
Inner West,,151.1070502939851,-33.855455665661346
Inner West,,151.10597172095942,-33.85570462183879
Inner West,GREENLEES PARK TENNIS CENTRE,151.10598362543354,-33.85590295014356
Inner West,MASSEY PARK GOLF CLUB,151.10868302872638,-33.853094768643864
Inner West,CABARITA PARK,151.11751614315216,-33.84300184685398
Inner West,KENDALL PARK,151.11439678644726,-33.84719736576253
Inner West,,151.10773000514317,-33.84664757822572
Inner West,,151.10578603200366,-33.8486063420256
Inner West,,151.10536307552354,-33.84824088061303
Inner West,MORT BAY PARK,151.18392777823348,-33.853694297191126
Inner West,,151.18469602644765,-33.85729678626318
Inner West,THE ZIG ZAG RESERVE,151.19208568924736,-33.85531770068225
Inner West,SIMMONS POINT RESERVE,151.19329561213726,-33.85437682354977
Inner West,PROPELLER PARK,151.18963479409814,-33.85658344168992
Inner West,THORNTON PARK,151.19537908286054,-33.856791782128965
Inner West,ILLOURA RESERVE,151.19611914014442,-33.85853107225034
Inner West,ORIGLASS PARK,151.19237648109132,-33.856761654557396
Inner West,,151.18833713275447,-33.85838932491724
Inner West,BALMAIN WATCH HOUSE,151.18650554065366,-33.85808458555623
Inner West,,151.18418432719713,-33.85910002486151
Inner West,STRATHFIELD NORTH POST OFFICE,151.09196971566018,-33.856336564922394
Inner West,,151.06837644029315,-33.853666804953264
Inner West,,151.19540939920475,-33.845351243539014
Inner West,,151.19336371162228,-33.84420646257091
Inner West,,151.1962253632318,-33.84399592550116
Inner West,,151.1952588307833,-33.84420413175368
Inner West,,151.19538179846765,-33.84475907411923
Inner West,,151.1935381770269,-33.84128535251891
Inner West,,151.19339158005738,-33.8401136882698
Inner West,,151.19430953610683,-33.841367336779044
Inner West,,151.1943586056809,-33.841626458901864
Inner West,,151.1997989162293,-33.84213954809739
Inner West,,151.199746441142,-33.84240584999137
Inner West,,151.19988402980582,-33.84265040482398
Inner West,,151.19095552866983,-33.872118072617724
Inner West,,151.19134120416743,-33.87302174900146
Inner West,,151.19140254472828,-33.86107234278384
Inner West,,151.1504409128747,-33.87280871126723
Inner West,,151.12807741496204,-33.85833011824216
Inner West,BAYVIEW PARK WHARF,151.12167096632555,-33.85678287201976
Inner West,HASLAMS PIER,151.0619694715322,-33.84156570956269
Inner West,,151.1879435601672,-33.85505987859432
Inner West,,151.18806804330939,-33.85542195158536
Inner West,,151.18797717512513,-33.85590861525306
Inner West,,151.19762992948418,-33.852604949661874
Inner West,,151.19764775834764,-33.8508510753371
Inner West,,151.1969320292383,-33.85092996702913
Inner West,,151.1968127365618,-33.84415251726662
Inner West,,151.19835714984265,-33.84331544260868
Inner West,COVE STREET WHARF,151.17836710781012,-33.85057072637922
Inner West,ISSY WYNER RESERVE,151.1816586625719,-33.85636371687355
Inner West,CARLTON PLACE,151.0989042416313,-33.856774096187905
Inner West,CONCORD SQUARE,151.09283052628115,-33.86982122301814
Inner West,DUNLOP RESERVE,151.16415967487333,-33.85510176753764
Inner West,HANNAN RESERVE,151.17390539408447,-33.86641713357818
Inner West,HUDSON PARK OVAL,151.06718924118672,-33.870269520481564
Inner West,HYCRAFT RESERVE,151.12253878739907,-33.86735927512217
Inner West,LORD PLACE,151.09198469416918,-33.86862506066576
Inner West,MAIDEN GARDENS,151.06811223588664,-33.84764549327638
Inner West,MEDITATION PARK,151.12549274090404,-33.84152441311915
Inner West,MURPHY RESERVE,151.10652447591335,-33.842023795970455
Inner West,POPE PAUL VI RESERVE,151.18038280154352,-33.87148678409595
Inner West,POWELLS CREEK RESERVE,151.08158852192878,-33.84793143540522
Inner West,SUTHERLAND GARDENS,151.07135334216036,-33.86848921141745
Inner West,WA MCINNES PLAY CENTRE,151.0851997682356,-33.85497354706681
Inner West,FERN ROAD PARK,151.15871699726424,-33.84207412021161
Inner West,WOOLWICH LOOKOUT,151.171056318889,-33.84054336825776
Inner West,SHAW RESERVE,151.10400484437352,-33.84299139458741
Inner West,PULPIT POINT RESERVE,151.1614237424878,-33.844524934874435
Inner West,BICENTENNIAL FOUNTAINS,151.07815643741893,-33.84825086669288
Inner West,GLEBE ISLAND CONTAINER TERMINAL,151.186778448837,-33.86525079450337
Inner West,WHITE BAY CONTAINER TERMINAL,151.1854231129571,-33.86200594107224
Inner West,GREENWICH POINT WHARF,151.18080875210856,-33.84209266648662
Inner West,LAKE BELVEDERE,151.07560330770215,-33.85089577817629
Inner West,BILLABONG,151.08180450836412,-33.843100800485104
Inner West,BENNELONG POND,151.07728612531713,-33.845351036872025
Inner West,SPINDERS PARK,151.1754919733865,-33.88018437208674
Inner West,NEWTOWN HIGH SCHOOL OF PERFORMING ARTS,151.17826119823476,-33.898822440806434
Inner West,BALLS HEAD,151.19649447064316,-33.84679879188053
Inner West,BERRYS BAY,151.19798950982107,-33.84500023196875
Inner West,MANNS POINT,151.18699348575308,-33.842956453462
Inner West,GREENWICH POINT,151.18155267304647,-33.842018112779414
Inner West,BALLS HEAD BAY,151.19196827045656,-33.84049990156654
Inner West,CLARKES POINT,151.17406412819184,-33.842652923704314
Inner West,PULPIT POINT,151.16140342079947,-33.84441301943283
Inner West,FERN BAY,151.16496104576862,-33.843346297155115
