sa4_name,name,x,y
Ryde,CARLINGFORD COURT,151.05229048007863,-33.77624547568138
Ryde,ECCLES PARK,151.05374285916199,-33.81053427601384
Ryde,LANE COVE BUSHLAND PARK,151.17926511856533,-33.823130729354865
Ryde,LANE COVE COUNTRY CLUB,151.17395727718204,-33.819529692502236
Ryde,LANE COVE MUNICIPAL COUNCIL,151.17112016035958,-33.81280528295465
Ryde,FAITH BAPTIST CHURCH,151.05252847344178,-33.787951528360765
Ryde,GALARINGI,151.05333801002303,-33.78314333910265
Ryde,,151.05629536185472,-33.77606065697524
Ryde,DUNROSSIL PARK,151.05726665357759,-33.76987975084538
Ryde,,151.05114607491575,-33.76996455904788
Ryde,,151.05242341546932,-33.75973974174495
Ryde,PENNANT HILLS GOLF COURSE,151.05266447478255,-33.75541933610124
Ryde,FEARNLEY PARK,151.05571850240685,-33.74997358430142
Ryde,,151.0603063126489,-33.757705214086656
Ryde,LEISURE LEA GARDENS,151.10263698597853,-33.77290589183996
Ryde,TRAFALGAR RESERVE,151.1069888366432,-33.76874368247861
Ryde,,151.08441846750034,-33.790591904198365
Ryde,EASTWOOD POLICE STATION,151.08368300060758,-33.79025700130767
Ryde,HENRI DUNANT RESERVE,151.11140133796263,-33.800474790385934
Ryde,,151.0766682739462,-33.769522670577345
Ryde,,151.10315349031748,-33.78144046948025
Ryde,KATHLEEN RESERVE,151.12375119233408,-33.79356464717826
Ryde,ST PHILIPS PRESBYTERIAN CHURCH,151.1060153485395,-33.82396811737243
Ryde,LOOKING GLASS BAY PARK,151.12667506305684,-33.837654734104085
Ryde,BANJO PATERSON PARK,151.12723345583743,-33.83943439813399
Ryde,KELLYS BUSH RESERVE,151.1668935896427,-33.84238279425823
Ryde,,151.17888630978985,-33.80567464255529
Ryde,WALLACE PARK RESERVE,151.17519043409845,-33.80261059329322
Ryde,RAY PARK,151.06262337588873,-33.765389585145726
Ryde,CONCORD WEST POST OFFICE,151.08691957937233,-33.84820675484555
Ryde,CARLINGFORD NORTH POST OFFICE,151.05859533105303,-33.76491413615764
Ryde,ARMITAGE RESERVE,151.14008515853394,-33.84662221899855
Ryde,BEECROFT HOUSE,151.060703623126,-33.74970171543311
Ryde,COPELAND GARDENS RETIREMENT VILLAGE,151.0641843900361,-33.75089567259119
Ryde,CATHY FREEMAN PARK,151.06628911489898,-33.84596956062546
Ryde,SYDNEY SHOWGROUND STADIUM,151.06761803312298,-33.843064594747645
Ryde,ACCOR STADIUM,151.06237229497023,-33.846869391684905
Ryde,DISCOVERY PARK,151.06482545836553,-33.76671620080626
Ryde,ROCKLEIGH PARK,151.08486040987407,-33.76993156249149
Ryde,CORNERSTONE CHURCH AOG,151.0684210712914,-33.77505936179612
Ryde,LOFTUS SQUARE,151.06456183606733,-33.77683825467106
Ryde,BRETBY PARK,151.05112180064012,-33.816473872283524
Ryde,JENKINS RESERVE,151.05510972312192,-33.80062104696836
Ryde,,151.05422254874395,-33.80059376085743
Ryde,MOBBS LANE RESERVE,151.06553027743578,-33.78349481663146
Ryde,BRUCE MILLER RESERVE,151.06304710312347,-33.814269154583194
Ryde,SYDNEY VISION UNITING CHURCH,151.0625638813658,-33.81225275218514
Ryde,ALLAN CUNNINGHAM RESERVE,151.0586502351849,-33.78984606523693
Ryde,,151.10457417324437,-33.748663856869435
Ryde,APPLEGUM WAY,151.12264863159535,-33.761018426209866
Ryde,,151.1761675442094,-33.75677239491259
Ryde,ABINGDON ROAD RESERVE,151.16175644073982,-33.786369636486306
Ryde,PATRICIA GARDNER RESERVE,151.14983182816266,-33.7768981793491
Ryde,ABBOTSHOLME GLEN,151.16139808750165,-33.76406922729088
Ryde,CARLINGFORD ANGLICAN CEMETERY,151.05984743703203,-33.78331667576044
Ryde,,151.06534743973268,-33.836719432539894
Ryde,,151.0691934796036,-33.834275421607884
Ryde,TREILLAGE TOWER,151.07908066909897,-33.84798374891271
Ryde,OLYMPIC PARK RAILWAY STATION,151.0693674167988,-33.84651691955816
Ryde,ALAN WALKER VILLAGE,151.06293638037474,-33.78457001005734
Ryde,CORRECTIVE SERVICES ACADEMY,151.06679011162115,-33.79203939865893
Ryde,BRUSH FARM PARK,151.06766850047566,-33.79464950344616
Ryde,KILPACK PARK,151.06188707446108,-33.7937974948586
Ryde,WENDY PARK,151.06724921990158,-33.80308814035093
Ryde,ST MARKS ANGLICAN CHURCH,151.0646376448941,-33.8089239423333
Ryde,PATIENCE PARK,151.06941929181153,-33.80172896784536
Ryde,MARY ELLEN PARK,151.07137788503226,-33.80123762505994
Ryde,JANET PARK,151.07128837060915,-33.80078384154941
Ryde,,151.08621800501686,-33.75235743816716
Ryde,,151.08350278868014,-33.77131672141638
Ryde,,151.08388379383652,-33.760939570323536
Ryde,,151.0875046943377,-33.76573832910304
Ryde,EPPING PRESBYTERIAN,151.0813467807943,-33.773965873238424
Ryde,EPPING POST OFFICE,151.08237964663996,-33.77195640903998
Ryde,,151.07738357276253,-33.77360654296933
Ryde,SOMERVILLE PARK,151.08568542802092,-33.78284943695512
Ryde,EDNA HUNT SANCTUARY,151.08159506525732,-33.781582996976454
Ryde,JUPP RESERVE,151.089422197719,-33.7831868319594
Ryde,DUNCAN PARK,151.07567530677386,-33.775092717035385
Ryde,EASTWOOD FIRE STATION,151.07739240230347,-33.79225731344514
Ryde,GLEN RESERVE,151.07785076588058,-33.79137601958599
Ryde,BRAEMAR PARK,151.07367543416925,-33.789338740163345
Ryde,DAVID HAMILTON RESERVE,151.07322480598506,-33.78855459790531
Ryde,SKENES RESERVE,151.07208776071923,-33.787123651118094
Ryde,EASTWOOD PARK,151.0811482019125,-33.788801510664904
Ryde,,151.08013502084967,-33.79266151675279
Ryde,WARRAWONG RESERVE,151.0736506487522,-33.79792032551345
Ryde,LYNN PARK,151.07534325441054,-33.79846191109533
Ryde,MAZE PARK,151.07450834042257,-33.805502686540414
Ryde,LIONS PARK,151.08006003757453,-33.805367240770025
Ryde,SYMONS RESERVE,151.08777816756128,-33.79927422705587
Ryde,MIRIAM PARK,151.08879376868558,-33.80322336205909
Ryde,BRADLEY RESERVE,151.1030198551392,-33.752624421364914
Ryde,RON PAYNE PARK,151.09655332987154,-33.753584580047935
Ryde,NORTH EPPING OVAL,151.10114623984944,-33.75868232379915
Ryde,,151.0925089617488,-33.75904813427428
Ryde,,151.09915832561785,-33.76121978441778
Ryde,BERRIWERRI RESERVE,151.10134200430937,-33.764006649221706
Ryde,LUCKNOW PARK,151.0959796801041,-33.76855763485063
Ryde,,151.083989102439,-33.77203623300557
Ryde,STEWART PARK,151.10107840087576,-33.77337238589875
Ryde,IVANHOE RESERVE,151.1009025008617,-33.766469010052454
Ryde,MIDGEE RESERVE,151.1023969480498,-33.76809590955029
Ryde,LYNELLE PARK,151.0996314440235,-33.78120667130889
Ryde,T G MILLNER FIELD,151.0990454325394,-33.776782552474565
Ryde,WOODS STREET RESERVE,151.09266234459201,-33.77934604503621
Ryde,IRENE PARK,151.09657822308637,-33.783375075765456
Ryde,GRANNY SMITH PARK,151.1014457354702,-33.7861850949651
Ryde,,151.09912905760757,-33.791426513241824
Ryde,ACACIA PARK,151.10051332013785,-33.79224431519986
Ryde,DONOVAN PARK,151.10233801048236,-33.791887817901284
Ryde,WATTS PARK,151.1033769534309,-33.79285694093611
Ryde,COLVIN PARK,151.10015678688646,-33.79417351585121
Ryde,,151.09678010956497,-33.79857714291459
Ryde,CSIRO,151.09954863462565,-33.80161770702151
Ryde,BIMBI RESERVE,151.0968430635001,-33.801932271211825
Ryde,DENISTONE PARK,151.09314669463365,-33.79928787890738
Ryde,CARARA RESERVE,151.09816784138894,-33.804507720632905
Ryde,,151.1186610405919,-33.75996031827891
Ryde,BALMARINGA RESERVE,151.1115224685922,-33.74911525597851
Ryde,MAQUARIE UNIVERSITY SPORTS FIELDS,151.11584232665635,-33.76598968826447
Ryde,MACQUARIE UNIVERSITY,151.11284909251893,-33.77468144983644
Ryde,CHRISTIE PARK,151.11861559392338,-33.770518649435445
Ryde,TALAVERA RESERVE,151.11204057732218,-33.76712531670227
Ryde,WATERLOO PARK,151.10855161687837,-33.76933267879571
Ryde,DUNBAR PARK,151.10755668688716,-33.780822062856714
Ryde,TINDARRA RESERVE,151.11272305888454,-33.78972604656675
Ryde,ELOUERA RESERVE,151.11843884230638,-33.77840358963215
Ryde,WILGA PARK,151.11808653023843,-33.780845673523345
Ryde,NORTH RYDE GOLF COURSE,151.1193824263926,-33.797423594959966
Ryde,BOORAL RESERVE,151.11502084966838,-33.79916411338705
Ryde,BYRON PARK,151.11483213967833,-33.80042228880427
Ryde,SANTA ROSA PARK,151.10790214121616,-33.79570763834598
Ryde,YAMBLE RESERVE,151.10789434204293,-33.800566035060434
Ryde,MCCAULEY PARK,151.11947736394512,-33.80410743465121
Ryde,GANNAN PARK,151.1195940389308,-33.8056865735963
Ryde,NERANG PARK,151.1229089903142,-33.80592533887562
Ryde,TYRELL PARK,151.1259873820456,-33.80897205206076
Ryde,JOHN MILLER PARK,151.1240319257418,-33.81010333306547
Ryde,,151.11180670722618,-33.805605638200404
Ryde,BRIGADE PARK,151.11443511576374,-33.80941490809
Ryde,ADVENTURE PARK,151.1058854871837,-33.804730395106944
Ryde,,151.10522950322726,-33.81048725092977
Ryde,BRERETON PARK,151.13772085558816,-33.80972666625918
Ryde,PORTIUS PARK,151.13344671368716,-33.807691081312676
Ryde,PRYOR PARK,151.13216566219307,-33.80572732453806
Ryde,,151.13347575622032,-33.80372850880686
Ryde,MACQUARIE SHOPPING CENTRE,151.1205273328155,-33.77726034217237
Ryde,NORTH RYDE PARK,151.1365961900053,-33.801271544888806
Ryde,BUNDARA RESERVE,151.1353855322935,-33.794428702673954
Ryde,KYWUNG RESERVE,151.1350149260348,-33.787839209626
Ryde,TUCKWELL PARK,151.13394425009884,-33.7787292510346
Ryde,FONTENOY PARK,151.13006060585178,-33.7759949955978
Ryde,,151.12707974151587,-33.77523923352218
Ryde,YURRAH RESERVE,151.13058622629427,-33.77768744827446
Ryde,ALSTON PARK,151.1316648801683,-33.7754048428922
Ryde,,151.12876294450817,-33.764174957575264
Ryde,KU-RING-GAI BICENTENNIAL PARK,151.13341919379846,-33.763163667879475
Ryde,,151.1305995653779,-33.76102532837428
Ryde,GORDON GOLF COURSE,151.1467462202646,-33.763102847134455
Ryde,,151.14930469316067,-33.77779916655315
Ryde,,151.14718844920088,-33.7782824416318
Ryde,QUEEN ELIZABETH RESERVE,151.14890557167996,-33.77933999405356
Ryde,LANE COVE RIVER STATE RECREATION AREA,151.14552430486563,-33.78673836146001
Ryde,LANE COVE RIVER TOURIST PARK,151.14353198799085,-33.78956096584044
Ryde,MAGDALA PARK,151.14298016548827,-33.80476226232196
Ryde,MOWBRAY PARK,151.15443978941315,-33.80152850656411
Ryde,GORDON POST OFFICE,151.15268178280883,-33.75502297627577
Ryde,KILLARA UNITING CHURCH AND STAINED GLASS WINDOWS,151.16558129923467,-33.764438507541215
Ryde,KILLARA POST OFFICE,151.1610889017539,-33.76653669727096
Ryde,,151.15537551234232,-33.760592207144725
Ryde,SELKIRK PARK,151.16192383370816,-33.766743021270074
Ryde,,151.1659660871967,-33.77373287231818
Ryde,OH REID OVAL,151.16101728895777,-33.7970299063634
Ryde,,151.15822088558056,-33.80369163100879
Ryde,,151.17101577432692,-33.804303835183354
Ryde,CAMPBELL PARK,151.17406012170565,-33.80502007491038
Ryde,COOLAROO PARK,151.16815463385885,-33.8047158021101
Ryde,HELEN STREET RESERVE,151.17679396460983,-33.807923427784495
Ryde,TANTALLON PARK,151.15949565335927,-33.8092119994356
Ryde,LOYAL HENRY PARK,151.16869467765144,-33.78666256194263
Ryde,LINDFIELD POST OFFICE,151.1684858166529,-33.77694566119285
Ryde,,151.16997020720146,-33.77562385061493
Ryde,TRYON ROAD UNITING CHURCH,151.17292172267875,-33.77455047736306
Ryde,GOVERNOR PHILLIP RESERVE,151.17074193369234,-33.751585038632435
Ryde,,151.17947813876364,-33.78523761170521
Ryde,ERMINGTON POST OFFICE,151.05481669986276,-33.81461216077593
Ryde,ERMINGTON POLICE STATION,151.05299999643952,-33.81520000122218
Ryde,SILVERWATER PARK,151.05030624893976,-33.825184072963864
Ryde,ERIC PRIMROSE RESERVE,151.050499458591,-33.82185945827755
Ryde,PIDDING PARK,151.12270145612734,-33.81221652815743
Ryde,RYDE PARK,151.1098392745831,-33.814016746668926
Ryde,BURROWS PARK,151.11332605661227,-33.81479171878815
Ryde,HOLY CROSS COLLEGE,151.11845754073903,-33.81878743953914
Ryde,TYAGARAH PARK,151.11504696189706,-33.823721608312
Ryde,BREMNER PARK,151.11596230025577,-33.82584427879928
Ryde,BILL MITCHELL PARK,151.1196968376404,-33.83159012712587
Ryde,PEEL PARK,151.12084963216972,-33.82863213892888
Ryde,CLEVES PARK,151.10270861674104,-33.82642998536549
Ryde,MEADOWBANK POST OFFICE,151.09014753520862,-33.818447336875195
Ryde,MUTTON RESERVE,151.0862052758893,-33.83746292291958
Ryde,WANGAL RESERVE,151.1044088419096,-33.835145098095715
Ryde,WALKER RESERVE,151.09631209179352,-33.845153112324304
Ryde,BICENTENNIAL PARK,151.07799927266842,-33.844140129009105
Ryde,KEN NEWMAN PARK,151.05715894288008,-33.819090224883524
Ryde,HOWSE PARK,151.10455186268598,-33.84688314262916
Ryde,UPJOHN PARK,151.05018909874522,-33.80604924763698
Ryde,CHAMBERS PARK,151.1424032260903,-33.84747402154474
Ryde,BLACKWALL POINT RESERVE,151.14192684410526,-33.84609883017602
Ryde,,151.17065590652916,-33.81786961734014
Ryde,HODGSON PARK,151.16596985203606,-33.82595472379863
Ryde,,151.17100384380163,-33.82818429005276
Ryde,KINGSFORD SMITH OVAL,151.16683508146997,-33.830499838113084
Ryde,AQUATIC PARK,151.16862680184687,-33.835072686579785
Ryde,THOMAS WEMYSS PARK,151.0567943867748,-33.80556607105058
Ryde,LONGUEVILLE PARK,151.17042859772795,-33.834814631773085
Ryde,BRYCE OVAL,151.17394786553282,-33.74076750472405
Ryde,RICHMOND PARK,151.15593047266026,-33.748936415457926
Ryde,,151.14252929565728,-33.74591545607875
Ryde,PYMBLE POST OFFICE,151.1425704223276,-33.744518769496906
Ryde,ROFE PARK,151.12270197625188,-33.74484481587966
Ryde,MIMOSA ROAD OVAL,151.12092988675894,-33.74613286822282
Ryde,HOWSON OVAL,151.10759389600452,-33.741244908812156
Ryde,OBSERVATORY PARK,151.06233886776013,-33.74070589568956
Ryde,LUDOVIC BLACKWOOD MEMORIAL SANCTUARY,151.06097930081532,-33.741364246159804
Ryde,,151.05602764323882,-33.74627319042958
Ryde,PENNANT HILLS WEST POST OFFICE,151.0501060656669,-33.74738292208148
Ryde,,151.1023404035942,-33.74205363877265
Ryde,HICKS AVENUE RESERVE,151.10867466541106,-33.74640725592737
Ryde,,151.13116100614232,-33.742091637453015
Ryde,,151.07034217781532,-33.743863537957566
Ryde,GEORGE CHRISTIE PLAYING FIELD,151.09544498757563,-33.74263781218653
Ryde,LONDON RESERVE,151.17446232620446,-33.74668840191126
Ryde,YARRAWONGA RESERVE,151.15239778582165,-33.743905435792385
Ryde,,151.15050981904693,-33.744431191001176
Ryde,RICHMOND PARK TENNIS COURTS,151.15629619388037,-33.74717547737281
Ryde,,151.11083960075422,-33.745381686849235
Ryde,ALETA END,151.0983923708026,-33.74192536462305
Ryde,,151.0747510400595,-33.74500836409637
Ryde,SISTERS OF GOOD SAMARITAN,151.05777380016616,-33.74187577553231
Ryde,,151.0582353464743,-33.74762623148868
Ryde,,151.05930332387118,-33.74671626167414
Ryde,,151.051426083383,-33.74435185972386
Ryde,HASLAMS FIELD,151.05606178730443,-33.842646757073275
Ryde,BLANKERS KOEN PARK,151.0514132015418,-33.84269449864887
Ryde,FIG TREE GROVE,151.06611297233977,-33.848685520785985
Ryde,BAPTISTCARE COOINDA COURT,151.1105055945552,-33.77726584598236
Ryde,WILLANDRA VILLAGE,151.11166676138305,-33.77885543693514
Ryde,BOWES THISTLETHWAYTE PARK,151.14950643590882,-33.74763867330963
Ryde,FOUNDERS WAY,151.17652101151074,-33.74361082538071
Ryde,,151.07813688738335,-33.74134434615544
Ryde,,151.0788808352708,-33.74257830950339
Ryde,,151.0811424832374,-33.74297101285414
Ryde,,151.08179553599112,-33.74441123717948
Ryde,,151.0827277087783,-33.74258896750615
Ryde,MOUNT ST BENEDICT COLLEGE,151.05969477194276,-33.74097087062234
Ryde,,151.08550145125412,-33.74697688947447
Ryde,,151.08453322458297,-33.745429823313486
Ryde,MORONA AVENUE COURTS,151.099752278209,-33.74412482055884
Ryde,YERAMBA STREET RESERVE,151.1169376802115,-33.74414690780162
Ryde,HAMILTON PARK,151.1202970748452,-33.74050832965345
Ryde,HAMILTON PARK TENNIS COURTS,151.12075895263172,-33.74064148908332
Ryde,TWIN CREEKS RESERVE,151.11165205147023,-33.74013447772347
Ryde,PYMBLE LADIES COLLEGE,151.13586418252467,-33.74710828353656
Ryde,PYMBLE PARK TENNIS COURTS,151.14209107320715,-33.74340212633341
Ryde,ROBERT PYMBLE PARK,151.14156833006857,-33.742729379920455
Ryde,,151.06383186327082,-33.748425549646136
Ryde,PENNANT HILLS GOLF CLUB,151.05618222712954,-33.753562124778036
Ryde,BEECROFT FIRE STATION,151.06523798001538,-33.750717513983275
Ryde,THE BEECROFT CLUB,151.06370977413883,-33.75198709082632
Ryde,,151.06399910442389,-33.751957429000754
Ryde,BEECROFT POST OFFICE,151.06585608291456,-33.74904536425651
Ryde,VILLAGE GREEN,151.06598364907484,-33.75258651249779
Ryde,,151.0669508534631,-33.75355284764648
Ryde,BEECROFT PARK,151.06570257430727,-33.75793355341577
Ryde,CHILWORTH RESERVE,151.06131816690007,-33.75628206534306
Ryde,,151.0626135510145,-33.75379409531245
Ryde,BOOTH PARK,151.06857669543123,-33.752861052085805
Ryde,,151.0699353478911,-33.74960425891506
Ryde,,151.06446587713032,-33.753146904752626
Ryde,BEECROFT NURSING HOME,151.0690058817279,-33.75557780109665
Ryde,,151.07323710392126,-33.75572920337825
Ryde,,151.079174405604,-33.75758630651455
Ryde,,151.07881279866777,-33.756929766989224
Ryde,CHELTENHAM PARK,151.07031359162636,-33.76102351806851
Ryde,,151.0697670853536,-33.76046844096299
Ryde,,151.078155639715,-33.76144642955412
Ryde,,151.05722235405767,-33.75958136584824
Ryde,,151.06528997180905,-33.760773915817836
Ryde,AHIMSA SANCTUARY,151.0841487869639,-33.75222027112274
Ryde,,151.09200408340632,-33.75394939576222
Ryde,,151.09561163673897,-33.75890594793832
Ryde,,151.10066873766522,-33.76013399534994
Ryde,,151.10107629432645,-33.75942142129534
Ryde,NORTH EPPING SHOPPING VILLAGE,151.09324182981544,-33.758857578555094
Ryde,,151.10142069942322,-33.74890738149325
Ryde,,151.1025574931608,-33.7487047686482
Ryde,CITY VIEW PARK,151.1162164561076,-33.754651974977364
Ryde,,151.11176907590058,-33.754402372846144
Ryde,,151.11050834609492,-33.75336477433337
Ryde,TURRAMURRA SOUTH POST OFFICE,151.11193845055251,-33.74913011838173
Ryde,AULUBA OVALS 1 AND 2,151.11062998786582,-33.750488905217466
Ryde,AULUBA OVAL 3,151.1118363866648,-33.75218290059391
Ryde,COMENARRA RESERVE,151.11685315862474,-33.749211027234175
Ryde,GOLFERS GLEN,151.13339538574846,-33.75064036951659
Ryde,AVONDALE GOLF COURSE,151.12685391224002,-33.751970122647016
Ryde,AVONDALE GOLF CLUB,151.12989708462237,-33.749441661337485
Ryde,RAMSAY AVENUE RESERVE,151.12225431520312,-33.75373331945461
Ryde,,151.13444306840643,-33.74909497982603
Ryde,HAMMOND RESERVE,151.14194956788864,-33.75169514326565
Ryde,BURROWS GROVE,151.13199661901953,-33.76118600779683
Ryde,WEST PYMBLE VILLAGE GREEN,151.1291529400039,-33.76183837958837
Ryde,FROGMORE PARK,151.126962063112,-33.75516674048107
Ryde,SEQUOIA CLOSE PARK,151.12588426084088,-33.763116400946494
Ryde,BORONGA AVENUE RESERVE,151.12547685689321,-33.768250340994165
Ryde,BANDALONG RESERVE,151.13862456795053,-33.76776305892492
Ryde,PEEWEE PARK,151.14000763841648,-33.76116626026348
Ryde,GORDON GLEN,151.1471416308049,-33.75531633082168
Ryde,,151.15131189781465,-33.76045317574288
Ryde,,151.129780803997,-33.761450006085276
Ryde,,151.1351129376222,-33.764003449184386
Ryde,LOFBERG OVAL,151.13080376501838,-33.76337632917461
Ryde,NORMAN GRIFFITHS OVAL,151.13542123583446,-33.76284507038319
Ryde,KILLARA WEST PYMBLE RUGBY UNION FOOTBALL CLUB,151.13010410766776,-33.76336032886905
Ryde,PHILIP MALL,151.12842925990597,-33.76085931555723
Ryde,GORDON FIRE STATION,151.14574451338285,-33.74916908493475
Ryde,KU-RING-GAI COUNCIL,151.15165046745534,-33.75417414958835
Ryde,GORDON PRE-SCHOOL,151.15322631727958,-33.753624325823935
Ryde,KU-RING-GAI GORDON LIBRARY,151.15237388794014,-33.75379222136842
Ryde,GORDON POLICE STATION,151.15246323168338,-33.75398815622499
Ryde,GORDON RECREATION GROUNDS,151.1563074434827,-33.756759657165496
Ryde,ST JOHN THE EVANGELIST CHURCH,151.15260554368905,-33.75719085144513
Ryde,GORDON CEMETERY,151.1520362327844,-33.75716916787865
Ryde,,151.1522459085549,-33.75637966513804
Ryde,,151.15508225552122,-33.75313801222685
Ryde,,151.1402584597219,-33.75651575676404
Ryde,EAST GORDON PARK / DARNLEY OVAL,151.16619616550392,-33.75053648609628
Ryde,GORDON BOWLING CLUB,151.15098863905968,-33.76006866531111
Ryde,GORDON GOLF CLUB,151.1455855376287,-33.75994943614411
Ryde,REGIMENTAL PARK TENNIS COURTS,151.15816157970386,-33.76620025230799
Ryde,JANE MCGILLIVRAY PARK,151.17579064435384,-33.75795996137801
Ryde,,151.0505501136916,-33.77549039531234
Ryde,,151.0500730058678,-33.77857727636529
Ryde,,151.05280063782007,-33.76798098246306
Ryde,,151.05320758452527,-33.76950995040684
Ryde,,151.05721397277608,-33.770245947387906
Ryde,,151.06293706129773,-33.76657638028656
Ryde,,151.06177650352768,-33.769433630837696
Ryde,BASIL COOK RESERVE,151.06332105155582,-33.77131322519776
Ryde,WEST EPPING PARK,151.067661463972,-33.77091827254571
Ryde,,151.06909727812152,-33.77030071666952
Ryde,,151.06864633642527,-33.77065997567486
Ryde,,151.05200091623166,-33.775081287995135
Ryde,,151.05236028187116,-33.777349112438955
Ryde,CARLINGFORD POST OFFICE,151.05242527138873,-33.776576076431404
Ryde,CARLINGFORD VILLAGE SHOPPING CENTRE,151.0529256042559,-33.779248032355504
Ryde,EDWIN ROSS RESERVE,151.05659190830644,-33.77806019788633
Ryde,TALINGA PARK,151.0567190711231,-33.78178901595015
Ryde,DAVID SCOTT RESERVE,151.07186449523516,-33.77722004883672
Ryde,EPPING CHURCH OF CHRIST,151.0791027110611,-33.774340657400685
Ryde,THE EPPING CLUB,151.08049746142237,-33.77335989031528
Ryde,,151.15373387619488,-33.83297680987647
Ryde,,151.1533579447232,-33.833104564154226
Ryde,HUNTERS HILL CLUB,151.15368339087593,-33.833465131845486
Ryde,THE COUNCIL OF THE MUNICIPALITY OF HUNTERS HILL,151.15287355785065,-33.83435233255651
Ryde,,151.15670330138397,-33.83567901911166
Ryde,HARRY SHELLEY MEMORIAL PLAYGROUND,151.15028719855317,-33.834522728504815
Ryde,HUNTERS HILL PRIVATE HOSPITAL,151.15013248081348,-33.83520623255017
Ryde,HUNTERS HILL TENNIS CLUB,151.16030415058967,-33.839243331118105
Ryde,,151.16022438019246,-33.83902832957003
Ryde,,151.15986375870813,-33.83780898635189
Ryde,,151.16479504159574,-33.8397342071352
Ryde,PRINCE EDWARD RESERVE,151.1645816090707,-33.840674663556136
Ryde,PRINCE EDWARD RESERVE,151.1657637425773,-33.840826333967165
Ryde,WEIL PARK,151.16694824314462,-33.840609244248455
Ryde,MARIST SISTERS COLLEGE WOOLWICH,151.16758418389048,-33.83966929895953
Ryde,HUNTERS HILL POST OFFICE,151.15411674535554,-33.834644325202554
Ryde,HUNTERS HILL SAILING CLUB,151.17145232052073,-33.84231854094646
Ryde,FERDINAND STREET RESERVE,151.15295980060952,-33.831157157586816
Ryde,,151.08437293998344,-33.76904243391851
Ryde,TRAFALGAR SQUARE SHOPPING CENTRE,151.10803884144627,-33.76796156656563
Ryde,,151.11027648373354,-33.76617581614583
Ryde,,151.10824608907052,-33.7672914279043
Ryde,SOMERSET PARK,151.09886497896514,-33.76625974606682
Ryde,MARSFIELD PARK,151.1042124594087,-33.77102587616127
Ryde,CSIRO,151.09694260851165,-33.773456100436654
Ryde,NUNOOK RESERVE,151.09774303797252,-33.77960868967602
Ryde,PIONEER PARK,151.10475798921277,-33.7765615637577
Ryde,,151.110357553993,-33.77282343200576
Ryde,,151.11563179838467,-33.76730229267797
Ryde,,151.11519243776908,-33.77933934893397
Ryde,FOREST PARK,151.08485186779404,-33.7753225893127
Ryde,,151.08452128507454,-33.77470662057237
Ryde,EPPING LIBRARY,151.08400937831323,-33.77319742665597
Ryde,EPPING COMMUNITY CENTRE,151.08255107394228,-33.7715876936075
Ryde,DENCE PARK,151.09214281023563,-33.77390502581137
Ryde,HENRY BRIGG PARK,151.08688387583135,-33.77738657279783
Ryde,,151.09824357835055,-33.78187291041732
Ryde,MARSFIELD POST OFFICE,151.09389604768407,-33.78373000475079
Ryde,MACQUARIE ICE RINK,151.11947224534458,-33.77682466569497
Ryde,MACQUARIE CENTRE POST OFFICE,151.12061523386436,-33.775979263471925
Ryde,ST CATHERINE'S AGED CARE SERVICES,151.104299543889,-33.778870093327555
Ryde,,151.10290633593505,-33.78050987385989
Ryde,,151.1040353664319,-33.78678857712879
Ryde,KOTARA PARK,151.10443846834764,-33.786667043796456
Ryde,LIBERTY PARK,151.11029077233644,-33.78199706081753
Ryde,AUSTRALIA II PARK,151.109174479052,-33.78224128516545
Ryde,HOLT PARK,151.12098312451593,-33.78834518106195
Ryde,NORTH RYDE CHRISTIAN CHURCH,151.11949444900347,-33.79188716317095
Ryde,PINDARI PARK,151.1188001168659,-33.79173597707301
Ryde,E L S HALL 1 AND 5 FIELD,151.11224792286285,-33.786471100033644
Ryde,BOOTH RESERVE,151.11620170127898,-33.784422409010176
Ryde,,151.1046439400026,-33.78944730239001
Ryde,,151.1127485431909,-33.78927482700247
Ryde,JORDAN PARK,151.10691115482908,-33.78927992688743
Ryde,KENNETH PARK,151.11070786641105,-33.787704722899385
Ryde,CATHERINE PARK,151.11036348826377,-33.78857759946604
Ryde,FLINDERS PARK,151.1110074518634,-33.79245147314571
Ryde,,151.12150083888554,-33.79500841247965
Ryde,COXS ROAD SHOPPING CENTRE,151.1221679556633,-33.794360854592995
Ryde,NORTH RYDE GOLF CLUB,151.1178909544247,-33.799080999524726
Ryde,,151.1240468243008,-33.795840547791066
Ryde,,151.12324413557704,-33.794437693936665
Ryde,,151.12865477566984,-33.792504440985255
Ryde,,151.13382206215223,-33.794605543856086
Ryde,TENNIS WORLD NORTH RYDE,151.1340005888402,-33.79492997756657
Ryde,BLENHEIM PARK,151.1350510508857,-33.796028952648825
Ryde,,151.13061206992666,-33.800523734204766
Ryde,ADWILL PLACE ARCADE,151.13110618196052,-33.80072752116719
Ryde,MORSHEAD PARK,151.13077817201594,-33.793046215368435
Ryde,BLAMEY PARK,151.12803536482357,-33.797570336014
Ryde,YINNELL RESERVE,151.13924881083472,-33.799616596889635
Ryde,NUNDAH RESERVE,151.13871516664017,-33.80157580007656
Ryde,BANOOL RESERVE,151.140630868001,-33.802345223693024
Ryde,,151.13948047556673,-33.80414769144871
Ryde,NORTH RYDE RSL COMMUNITY CLUB,151.1392896150099,-33.80324784289
Ryde,,151.13859307750826,-33.80321919383786
Ryde,MARTIN RESERVE,151.1376153134238,-33.804892410048595
Ryde,,151.12792206929998,-33.80091777250556
Ryde,MACQUARIE HOSPITAL,151.12439932411664,-33.79960357214169
Ryde,SALERWONG RESERVE,151.11660520564004,-33.80024213927868
Ryde,MYALL RESERVE,151.13638051618366,-33.796680185701085
Ryde,GREENWOOD PARK,151.1150612055842,-33.78976724484072
Ryde,,151.11157283713018,-33.79088248069995
Ryde,MARJORIE PARK,151.1028361568501,-33.79032558428006
Ryde,DENISTONE EAST POST OFFICE,151.10255476857054,-33.79515782427304
Ryde,ROTARY PARK,151.09487752270897,-33.783899388327455
Ryde,MAQUARIE ANGLICAN CHURCH,151.10070117852507,-33.79390344078396
Ryde,HUBERT HUNT RESERVE,151.09456485958273,-33.78711512645789
Ryde,JIM WALSH PARK,151.0917700426304,-33.78739959789849
Ryde,GIRRAWEEN RESERVE,151.08744113942967,-33.7890023041176
Ryde,,151.0835019280941,-33.79256071675927
Ryde,,151.08549029058497,-33.7931934573929
Ryde,VALERIE PARK,151.0865887011071,-33.79511034207517
Ryde,,151.09474724902648,-33.79781634338895
Ryde,COOPER RESERVE,151.09755473222435,-33.80190825654794
Ryde,RYDE HOSPITAL,151.09020285256548,-33.79534666809805
Ryde,SALTER PARK,151.0995821337009,-33.794528606120615
Ryde,,151.09899490320302,-33.79532699189332
Ryde,COMMUNITY PARK,151.0974668311755,-33.79679391196069
Ryde,JACARANDA RESERVE,151.09689062659942,-33.79715721268469
Ryde,JACKSON RESERVE,151.09566967868608,-33.79695030650326
Ryde,RICHMOND PARK,151.09995975849688,-33.795997229246495
Ryde,CECIL PARK,151.1002201711146,-33.79641039699317
Ryde,BEATTIE PARK,151.1010129999298,-33.800984966700376
Ryde,RYDE AMBULANCE STATION,151.0909932334716,-33.79633740324145
Ryde,RYDE MOTOR REGISTRY,151.10430114917838,-33.80448930877583
Ryde,KULGOA RESERVE,151.108899132841,-33.80403194013527
Ryde,EASTWOOD LIBRARY,151.08142944646164,-33.79011270767289
Ryde,,151.08138238552056,-33.792352528835
Ryde,EASTWOOD POST OFFICE,151.08082132115027,-33.79055793982264
Ryde,,151.0801212883039,-33.78922976494029
Ryde,EASTWOOD CENTRE,151.0812005961515,-33.79201805538181
Ryde,OUTLOOK PARK,151.08168632780198,-33.79511202699039
Ryde,DENISTONE RAILWAY STATION,151.08714198516864,-33.799717244502396
Ryde,DARVALL PARK,151.08335170911735,-33.79987165849857
Ryde,,151.08706002737372,-33.79924494140829
Ryde,WEST RYDE POST OFFICE,151.08893979163162,-33.80720315405664
Ryde,,151.08793061795325,-33.80594326673431
Ryde,,151.08862174041033,-33.80668607527389
Ryde,WEST RYDE LIBRARY,151.08808083603168,-33.80695567633426
Ryde,,151.08918979726678,-33.80617533505446
Ryde,,151.08551665434192,-33.80259490636597
Ryde,YARRAMAR RESERVE,151.08734848808956,-33.78313978064952
Ryde,FORRESTER PARK,151.0890283646203,-33.78212598133305
Ryde,FORSYTH PARK,151.09287802649845,-33.77676407790595
Ryde,PEMBROKE PARK,151.09455835128858,-33.77483114799208
Ryde,GEORGE HARLEY PARK,151.0769236488118,-33.782672452029274
Ryde,MARIST COLLEGE EASTWOOD,151.0774880746779,-33.789411796622495
Ryde,,151.07917437865444,-33.78962241433858
Ryde,,151.07940598948755,-33.79092537312045
Ryde,EASTWOOD SENIOR CITIZENS CLUB,151.07732232113491,-33.79177028215831
Ryde,BELL PARK,151.0679173320127,-33.79974272961654
Ryde,LAMBERT PARK,151.07014493472838,-33.79806693134536
Ryde,LONSDALE PARK,151.07448072171914,-33.800074001817904
Ryde,DRIVER PARK,151.07745386773016,-33.800218232380786
Ryde,RUTHERFORD PARK,151.07685104068233,-33.799749766014926
Ryde,HIBBLE PARK,151.0789991326139,-33.79927903148067
Ryde,,151.06613322216288,-33.79456577080308
Ryde,WEST DENISTONE PARK,151.077650367012,-33.80150761129726
Ryde,BRUSH PARK BOWLING CLUB,151.06593883841347,-33.795782899824594
Ryde,,151.06555940171555,-33.79597756214957
Ryde,SIMPSON RESERVE,151.0595334740436,-33.78279302637693
Ryde,DON STEWART PARK,151.06257314119972,-33.78150079711486
Ryde,FRED SPURWAY PARK,151.0664034677397,-33.78546542223727
Ryde,,151.06570728956416,-33.789125863342335
Ryde,ALLOWAH PRESBYTERIAN CHILDREN'S HOSPITAL,151.06375357239884,-33.791729756003974
Ryde,EYLES RESERVE,151.0620837084902,-33.79124060073215
Ryde,,151.05064389511233,-33.79090290971755
Ryde,SIR THOMAS MITCHELL RESERVE,151.05456090368727,-33.7910872984773
Ryde,BARAYLY PARK,151.05464149873794,-33.788321534386895
Ryde,CHARLES FRASER PARK,151.05521434181824,-33.78651359821749
Ryde,DUNDAS PARK,151.0552736836276,-33.795251156680784
Ryde,CURTIS OVAL,151.05458111757784,-33.794457091888475
Ryde,,151.05195670564498,-33.79319430024266
Ryde,COX PARK,151.05074432765943,-33.78397879126681
Ryde,ERIC MOBBS MEMORIAL PARK,151.05341964532278,-33.78088760704283
Ryde,CARLINGFORD MEMORIAL PARK,151.05232612073755,-33.78036867362779
Ryde,RYDE PARRAMATTA GOLF CLUB,151.07305985014605,-33.8074025130161
Ryde,COWELLS LANE RESERVE,151.06210822441267,-33.80532770112824
Ryde,,151.06459531717627,-33.80504113129756
Ryde,,151.06790928220946,-33.806210877162016
Ryde,JOHNSTON PARK,151.06551273513486,-33.80305175568661
Ryde,ALBERT BROWN PARK,151.06298759153245,-33.79787378395069
Ryde,,151.0631886084419,-33.7986627580336
Ryde,,151.0635491841121,-33.79997018131138
Ryde,,151.06523828544258,-33.7980440458026
Ryde,TYNAN PARK,151.05968039350836,-33.80025863283973
Ryde,,151.06429243311018,-33.80660149153468
Ryde,KEITH MCKINNON PARK,151.05281981146152,-33.80672421772235
Ryde,BROADOAKS PARK,151.0508035437046,-33.81851288136064
Ryde,LOCKYER RESERVE,151.06140362003975,-33.80876009885739
Ryde,ERMINGTON BRANCH LIBRARY,151.0534392762067,-33.815303848778214
Ryde,HUGHES AVENUE RESERVE,151.06641372290696,-33.8140633861821
Ryde,,151.06584307620759,-33.81870734644775
Ryde,KORPIE RESERVE,151.07471315810398,-33.8183643753352
Ryde,MELROSE PARK,151.07517813777312,-33.81827427808614
Ryde,GEORGE KENDALL RIVERSIDE PARK,151.06317912492747,-33.820980916384336
Ryde,,151.06280253858392,-33.8200379147982
Ryde,RYDE-PARRAMATTA GOLF COURSE,151.07587474624165,-33.810799170890405
Ryde,JENNIFER PARK,151.0737151172469,-33.81277962782548
Ryde,NEWINGTON RESERVE,151.0512327659339,-33.831327115161585
Ryde,WILSON PARK,151.05348602363577,-33.82627778568471
Ryde,SILVERWATER WOMEN'S CORRECTIONAL CENTRE,151.05646924515105,-33.82742989018139
Ryde,MEADOWBANK RAILWAY STATION,151.09014518701247,-33.815685669199624
Ryde,WEST RYDE BAPTIST CHURCH,151.08446943701128,-33.80738900427912
Ryde,RYDE UNITING CHURCH,151.08858769515936,-33.808949821048344
Ryde,,151.08819285954084,-33.811924670144684
Ryde,MEADOWBANK PARK,151.08253507315047,-33.81803665258292
Ryde,,151.08312917845518,-33.815348794116595
Ryde,,151.0816860852569,-33.8179131462891
Ryde,ANZAC PARK,151.0922578808303,-33.80674097128362
Ryde,COUNCIL OF THE CITY OF RYDE,151.1047573702735,-33.81246304649555
Ryde,RYDE LIBRARY,151.10617242435686,-33.81112477848928
Ryde,RYDE EASTWOOD LEAGUES CLUB,151.09182156819844,-33.80497283480588
Ryde,MINGA RESERVE,151.12029235060515,-33.80802979437089
Ryde,JONES STREET RESERVE,151.11670303846265,-33.807917430324196
Ryde,BIDGEE PARK,151.11725671688467,-33.809697291634755
Ryde,FIELD OF MARS CEMETERY,151.126566787319,-33.81257341174744
Ryde,FIELD OF MARS RESERVE,151.13147845639065,-33.81416943912634
Ryde,RYDE SECONDARY COLLEGE,151.1191816062142,-33.813613869750206
Ryde,TOP RYDE CITY SHOPPING CENTRE,151.10655748091517,-33.81186513122962
Ryde,RYDE POST OFFICE,151.1061091389434,-33.81248285758673
Ryde,RYDE LOCAL COURT,151.0995747827869,-33.8154884708224
Ryde,HARDY PARK,151.11809301158323,-33.81551154425838
Ryde,,151.1179744267792,-33.82210167405712
Ryde,OLYMPIC PARK,151.11707278503363,-33.821870510910806
Ryde,OLYMPIC WATER POLO CENTRE,151.11860487253043,-33.821513000412736
Ryde,WESTMINSTER PARK,151.1274469153119,-33.82216178646273
Ryde,MONASH PARK,151.12696515511317,-33.823339455847915
Ryde,HALCYON PARK,151.13103063364508,-33.82207249622594
Ryde,GLADESVILLE BOWLING AND SPORTS CLUB,151.13044265035904,-33.823145807280405
Ryde,,151.1298142842077,-33.823044083471316
Ryde,PRESBYTERIAN CHURCH OF ST ANDREW,151.12695273141279,-33.829824052706506
Ryde,BORONIA PARK POST OFFICE,151.13437499587084,-33.822273244458614
Ryde,,151.13562525581193,-33.828489324866275
Ryde,,151.135351083699,-33.82712568887985
Ryde,,151.13437919998637,-33.82262462325616
Ryde,,151.12644377471895,-33.825697636980586
Ryde,GLADESVILLE LIBRARY,151.12768615553662,-33.82928012697188
Ryde,BORONIA PARK RESERVE,151.1427956245794,-33.82442846303172
Ryde,,151.13883618947187,-33.82638618687564
Ryde,,151.14120053823171,-33.826006024653076
Ryde,,151.14276087954087,-33.831581503917945
Ryde,MURRAY-PRIOR RESERVE,151.14288904667401,-33.835325130842875
Ryde,HUNTERS HILL CROQUET CLUB,151.14181615728916,-33.83314203369171
Ryde,,151.142020625526,-33.83284174041452
Ryde,FIG TREE PARK,151.14211698870483,-33.83241326264245
Ryde,CATHOLIC HEALTHCARE ST ANNE'S AGED CARE,151.14136585160023,-33.83375220340442
Ryde,ST JOSEPH'S COLLEGE,151.13871807089353,-33.830955763840706
Ryde,HEYDON PARK,151.13898751966465,-33.83484308369796
Ryde,,151.13745563788206,-33.83434603996725
Ryde,GLADESVILLE FIRE STATION,151.12764979712384,-33.82983885185581
Ryde,GLADESVILLE POST OFFICE,151.1271214242434,-33.83211898420888
Ryde,GLADESVILLE POLICE STATION,151.12899287010177,-33.836851803712946
Ryde,HARDING MEMORIAL PLAYGROUND,151.13235194224035,-33.83310100553975
Ryde,,151.1336857643674,-33.83085566339008
Ryde,BETTS PARK,151.14383539218147,-33.83961961199828
Ryde,HENNEY COTTAGE RESERVE,151.1361263333824,-33.840387511535084
Ryde,GLADESVILLE RESERVE,151.1391212087419,-33.84043759275429
Ryde,TARBAN CREEK RESERVE,151.13480910403692,-33.83368899797314
Ryde,RIVERGLADE RESERVE,151.13964940195925,-33.83711732592964
Ryde,,151.12717557558702,-33.8344497799543
Ryde,,151.12656330904218,-33.83479692785088
Ryde,CHRIST CHURCH GLADESVILLE,151.1264506495258,-33.83043902639097
Ryde,TENNYSON PARK,151.1140588258643,-33.83164567650317
Ryde,MORRISONS BAY PARK,151.11361864957843,-33.82865627892128
Ryde,PUTNEY TENNYSON BOWLING AND COMMUNITY CLUB,151.11246884913388,-33.827389865975285
Ryde,,151.11295091386148,-33.82735360656861
Ryde,PUTNEY PARK,151.10939507384475,-33.83345776317902
Ryde,DONNELLY PARK,151.1109362325293,-33.825770021363574
Ryde,BENNELONG PARK,151.10151385292158,-33.82767623855592
Ryde,KISSING POINT PARK,151.10177315432327,-33.829658864267024
Ryde,GLADES BAY PARK,151.12185661036563,-33.835110855171074
Ryde,SETTLERS PARK,151.0978074893992,-33.82315525523674
Ryde,ST CHADS CHURCH HALL,151.1087773302716,-33.82430292267035
Ryde,HOFFMAN PARK,151.1056744935847,-33.82915032006507
Ryde,WANDOO RESERVE,151.10314176550642,-33.81670404021827
Ryde,,151.10433045222294,-33.81712775821609
Ryde,PUTNEY POST OFFICE,151.1083655605117,-33.82325146537356
Ryde,,151.1142762747569,-33.818812771948
Ryde,CUDAL RESERVE,151.11273744630213,-33.822791416370436
Ryde,PARRY PARK,151.11078006221385,-33.82279361194738
Ryde,MALLEE RESERVE,151.1168056494243,-33.82374088992265
Ryde,ANN THORN PARK,151.09447565867168,-33.81748887243194
Ryde,HAYES RESERVE,151.09814667708085,-33.820324250804056
Ryde,GARRAWAY LOOKOUT,151.1481462239736,-33.827044914062725
Ryde,CUNNINGHAMS REACH,151.14607194121902,-33.8276956991197
Ryde,,151.1534849638094,-33.82009186860558
Ryde,LOVETTS RESERVE,151.14766969017327,-33.817805731454946
Ryde,BURNS BAY RESERVE,151.1536785768043,-33.8215958991947
Ryde,106 TAMBOURINE BAY RD,151.16059308651427,-33.824445449694224
Ryde,MARJORIE YORK PARK,151.1642784204758,-33.820715708244386
Ryde,ST IGNATIUS' COLLEGE THE REGIS CAMPUS,151.15604765788902,-33.82255952671031
Ryde,ST IGNATIUS COLLEGE,151.15749643472813,-33.828091154009066
Ryde,TAMBOURINE PARK,151.16024112478937,-33.82664798048342
Ryde,,151.16953045222542,-33.82782564106634
Ryde,LONGUEVILLE PRIVATE HOSPITAL,151.1698684208932,-33.827418962889915
Ryde,,151.16738986302315,-33.830047354523415
Ryde,LANE COVE TENNIS CLUB,151.17168474702407,-33.824355469300144
Ryde,LONGUEVILLE SPORTING CLUB,151.1718806013156,-33.82379024581101
Ryde,CENTRAL PARK,151.1714200952565,-33.82412982796888
Ryde,,151.17152283108396,-33.82451535079726
Ryde,,151.17154707841016,-33.823602467757766
Ryde,LONGUEVILLE TENNIS CLUB,151.16755584833143,-33.830396832837216
Ryde,BLACKMAN PARK,151.14723369105351,-33.81435561157131
Ryde,TURRUMBURRA PARK,151.16272228238384,-33.81081911597103
Ryde,HANDS QUARRY RESERVE,151.15590501440505,-33.81048600519725
Ryde,LANE COVE AMBULANCE STATION,151.15348699849358,-33.81500100077025
Ryde,,151.158682270192,-33.81353476224462
Ryde,,151.15353167530589,-33.81200860001613
Ryde,NICHOLS RESERVE,151.16087892055626,-33.81314060739192
Ryde,LANE COVE POST OFFICE,151.1685546419767,-33.81444088623769
Ryde,,151.1684785465873,-33.81375022049621
Ryde,,151.16687784936232,-33.81381002828361
Ryde,,151.17064230783237,-33.812173285904855
Ryde,LANE COVE CLUB,151.16998188709678,-33.812800155362744
Ryde,LANE COVE LIBRARY,151.16972673591167,-33.81534514594722
Ryde,CURRAMBENA PRIMARY SCHOOL,151.17033654646252,-33.82103878768504
Ryde,POTTERY GREEN,151.17217047867464,-33.81480751319379
Ryde,,151.099555151903,-33.82693108920807
Ryde,,151.1008224519867,-33.827757541863484
Ryde,,151.0993453045543,-33.826504422075466
Ryde,,151.16021520120688,-33.8290179578599
Ryde,RIVERVIEW WHARF,151.15611567742405,-33.82984354934644
Ryde,,151.16193691228042,-33.828129896591776
Ryde,,151.16391423178155,-33.84834833181566
Ryde,LINDFIELD PARK TENNIS COURTS,151.17865323739778,-33.77001168256201
Ryde,SEVEN LITTLE AUSTRALIANS PARK,151.17609133203902,-33.770094133154416
Ryde,LINDFIELD PARK,151.17909080497603,-33.76714416822918
Ryde,,151.1798113661233,-33.76869034672584
Ryde,,151.17893189210398,-33.78417168704005
Ryde,ROSEVILLE POST OFFICE,151.17743082882376,-33.783798148707746
Ryde,OPAL LOURDES,151.1742509103973,-33.765979612673654
Ryde,KILLARA GLADES CARE COMMUNITY,151.17447739454502,-33.7668158714771
Ryde,TURNER LOOKOUT,151.1762182801583,-33.770572199858776
Ryde,ROSEVILLE RETURNED SERVICEMENS MEMORIAL CLUB,151.1775436671049,-33.7855733219038
Ryde,ROSEVILLE MEMORIAL PARK,151.17780906357584,-33.78581300935836
Ryde,HIRONDELLE PRIVATE HOSPITAL,151.17869667722996,-33.790050444269106
Ryde,ANGLO PARK,151.17522083129103,-33.79442578073736
Ryde,,151.1773818760307,-33.795539806264586
Ryde,KENNETH SLESSOR PARK,151.17764691407376,-33.79738482577772
Ryde,,151.17280766538377,-33.797083008728194
Ryde,SUTHERLAND PARK,151.17810623794992,-33.802571752560596
Ryde,GOODLET RESERVE,151.1749250735601,-33.80962483542873
Ryde,,151.17485271606066,-33.82447882225974
Ryde,LLOYD REES PARK,151.1782336963123,-33.831598328724134
Ryde,WOODFORD BAY RESERVE,151.17362369229286,-33.82748460646609
Ryde,VALENTIA STREET RESERVE,151.17645116390418,-33.83838095115822
Ryde,TICKET OF LEAVE PARK,151.1500843257244,-33.77346819277874
Ryde,HONEYSUCKLE CREEK RESERVE,151.14734613497424,-33.77210950434813
Ryde,KILLARA GOLF COURSE,151.14856978951155,-33.769752148580835
Ryde,KILLARA GOLF COURSE,151.15472341898936,-33.77090908466115
Ryde,KILLARA GOLF COURSE,151.1533647305969,-33.77478171159359
Ryde,ST CRISPENS GREEN,151.14235627294698,-33.779302067882405
Ryde,JINKERS GREEN,151.146063102695,-33.77752416997842
Ryde,,151.14805812619375,-33.777570719616534
Ryde,LINDFIELD WEST POST OFFICE,151.14864685328484,-33.777124591121265
Ryde,QUEEN ELIZABETH RESERVE TENNIS COURTS,151.14871677185832,-33.780664206768904
Ryde,NATIONAL MEASUREMENT LABORATORY,151.15097773890196,-33.7824081674579
Ryde,,151.14999117222607,-33.7810540238226
Ryde,,151.15708667360119,-33.76949436196002
Ryde,FIDDENS WHARF OVAL,151.14555992755828,-33.783814409502845
Ryde,,151.1651486166949,-33.77109669159972
Ryde,,151.1573962797605,-33.77808288567469
Ryde,PRINCES PARK,151.15723291124462,-33.77897858445231
Ryde,PRIMULA OVAL,151.15626883568837,-33.77842375879754
Ryde,ST DAVIDS UNITING CHURCH,151.163863656631,-33.773093902115704
Ryde,LINDFIELD RAILWAY STATION,151.16906324024282,-33.77508884463241
Ryde,PADDY PALLIN RESERVE,151.1613304003433,-33.77586092111526
Ryde,GEARYS WAY,151.1657626672939,-33.76155609434089
Ryde,QUARRY MASONS FOREST,151.16682679001988,-33.75784614545981
Ryde,KOOLA PARK,151.17185688309715,-33.75582927669281
Ryde,KILLARA PARK,151.17112680250278,-33.76108934924614
Ryde,,151.16464589880064,-33.76625904633378
Ryde,,151.16413857344733,-33.765678610946665
Ryde,KILLARA LAWN TENNIS CLUB,151.1638725131214,-33.765942761929516
Ryde,KILLARA BOWLING CLUB,151.1637570122338,-33.765931592296035
Ryde,,151.16349067522674,-33.765988146158435
Ryde,,151.15737066969004,-33.765579900066825
Ryde,KILLARA CROQUET CLUB,151.1574723302341,-33.76536367982042
Ryde,REGIMENTAL PARK,151.1574668891384,-33.765976376864394
Ryde,BATTEN RESERVE,151.16152534014984,-33.807020611585294
Ryde,CHATSWOOD ROTARY WAR MEMORIAL ATHLETICS FIELD,151.14743338115127,-33.800237084089304
Ryde,CHATSWOOD GOLF COURSE,151.1617086809094,-33.800377396835934
Ryde,FERNDALE PARK,151.16947509085108,-33.799127540431066
Ryde,LOWANNA PARK,151.16800949754992,-33.797216966377796
Ryde,FULLERS PARK,151.16253735519948,-33.792135725910974
Ryde,GREVILLE STREET RESERVE,151.16861524771568,-33.79333932850909
Ryde,NATIONAL ACOUSTIC LABORATORIES,151.1672642596818,-33.79393877671752
Ryde,,151.1655907288502,-33.796878065697356
Ryde,,151.1665502337782,-33.797050398114074
Ryde,,151.16608533495742,-33.79692914212058
Ryde,CHATSWOOD TENNIS CLUB,151.1658693206743,-33.79708923015475
Ryde,KOBADA PARK,151.15567646862377,-33.79525840844829
Ryde,NORTHERN SUBURBS MEMORIAL GARDENS CREMATORIUM,151.15278368499972,-33.79513216907832
Ryde,FILM AUSTRALIA,151.16074126092545,-33.78722557143626
Ryde,CHARLES BEAN SPORTSFIELD,151.1601959637851,-33.78838554606228
Ryde,GLOBAL TELEVISION,151.13762038710854,-33.795353767566056
Ryde,PORTERS PARK,151.13516634516085,-33.78695575517283
Ryde,RYDE RESOURCE RECOVERY CENTRE,151.1357705089018,-33.78497590789223
Ryde,FRANCIS STREET RESERVE,151.16237219454462,-33.84082937295367
Ryde,DRUMMOYNE SPORTS CLUB,151.15095953274613,-33.84770084570108
Ryde,,151.15092814111856,-33.84735594740524
Ryde,HOWLEY PARK,151.14470256736627,-33.84402743413317
Ryde,GLADESVILLE BRIDGE MARINA,151.1452318816811,-33.84399706405295
Ryde,BOB SMITH RESERVE,151.1503072866796,-33.84513331104044
Ryde,UTZ RESERVE,151.15274620638775,-33.8438372719648
Ryde,MENZIES RESERVE,151.15683801274398,-33.84566025864665
Ryde,CHISWICK PARK,151.14130297851344,-33.84706191141765
Ryde,BATTERSEA PARK,151.12602945015036,-33.84590572856474
Ryde,SYDNEY ROWING CLUB,151.12750861430055,-33.84436497217076
Ryde,WERRELL RESERVE,151.1289965370248,-33.84421054970805
Ryde,QUARANTINE RESERVE,151.12311438201908,-33.848008229614756
Ryde,HENRY LAWSON PARK,151.12574323073116,-33.849916338237456
Ryde,CONCORD WEST RAILWAY STATION,151.08563660997507,-33.84852493171873
Ryde,,151.08925811144917,-33.84817435023789
Ryde,,151.08812137161055,-33.847823177178
Ryde,,151.08881851816994,-33.83972197119574
Ryde,,151.09728735406995,-33.84572332913592
Ryde,,151.08097144131239,-33.839771058201684
Ryde,,151.06101260226117,-33.84538977909261
Ryde,AUBURN RESOURCE RECOVERY CENTRE,151.05885848622736,-33.843223992096924
Ryde,PIERRE DE COUBERTIN PARK,151.05684146568223,-33.83506887733074
Ryde,CUMBERLAND PARK,151.05938019899824,-33.834700153160014
Ryde,SYDNEY INTERNATIONAL ARCHERY PARK,151.0728231117293,-33.834344067796685
Ryde,MILLENNIUM PARKLANDS,151.06414805048786,-33.83024465141137
Ryde,,151.07994337157194,-33.83536376493617
Ryde,RHODES PARK,151.0897492572459,-33.83397205353405
Ryde,LOVEDALE PLACE,151.09102847977007,-33.83552046429928
Ryde,CONCORD REPATRIATION HOSPITAL,151.0925689934643,-33.837368828469195
Ryde,THOMAS WALKER HOSPITAL,151.09770027996169,-33.832532985642565
Ryde,BRAYS BAY RESERVE,151.0897170849823,-33.83235935317354
Ryde,MCILWAINE PARK,151.0891373670952,-33.83022581825457
Ryde,UHRS POINT RESERVE,151.09329369494674,-33.824344093851565
Ryde,,151.08921725337512,-33.827121618835626
Ryde,RON ROUTLEY OVAL,151.09893733646467,-33.8449248712864
Ryde,CABARITA PARK,151.11751614315216,-33.84300184685398
Ryde,KENDALL PARK,151.11439678644726,-33.84719736576253
Ryde,,151.10773000514317,-33.84664757822572
Ryde,,151.10578603200366,-33.84860634202559
Ryde,,151.10536307552354,-33.84824088061303
Ryde,,151.05732517073352,-33.761227672373735
Ryde,MARSFIELD SCOUT HALL,151.10364273527907,-33.78251293808119
Ryde,DENISTONE EAST (ARARAT) SCOUT HALL,151.1059082379166,-33.797413923195045
Ryde,WEST RYDE GUIDE HALL,151.07999774659612,-33.80505782248721
Ryde,1ST EAST RYDE SCOUT GROUP,151.12603377104682,-33.80884539104399
Ryde,3RD NORTH RYDE SCOUT HALL,151.13209732106122,-33.80531365462708
Ryde,1ST PUTNEY SCOUT HALL,151.10236749318997,-33.826381713818066
Ryde,CURZON HALL,151.10368214976052,-33.780436369278696
Ryde,AIRMANS PARK,151.15100868227026,-33.78932291865919
Ryde,ARCHER PARK,151.07163212173236,-33.81700575000223
Ryde,ATKINSON RESERVE,151.131548052469,-33.82064736679999
Ryde,BALUN RESERVE,151.12139306440764,-33.83765443862575
Ryde,HASLAMS PIER,151.0619694715322,-33.84156570956269
Ryde,BARTON RESERVE,151.12143649525663,-33.81400068342624
Ryde,AITCHANDER PARK,151.11847427635274,-33.809389477358124
Ryde,LAUREL PARK,151.11793420561068,-33.815068463788975
Ryde,BUSHRANGER RESERVE,151.1737914347059,-33.75055825947648
Ryde,MACKS PLACE,151.1755239839533,-33.772444201918496
Ryde,LINDFIELD ROTARY PARK,151.16814116092615,-33.77419297525454
Ryde,KISSING POINT VILLAGE GREEN,151.11148830656026,-33.75294505404959
Ryde,YARRARA WALK,151.12862138529076,-33.76018905190356
Ryde,SHOPPERS WOOD,151.12917160340226,-33.760490788373986
Ryde,EPPLESTON WALK,151.13023769793034,-33.76246960488157
Ryde,ST ANDREWS FOREST,151.14532706986358,-33.76847489751712
Ryde,IBBITSON PARK,151.16638540370332,-33.772289931859135
Ryde,BUFFALO CREEK RESERVE,151.13656284364362,-33.81570032525787
Ryde,CALDEW RESERVE,151.1288240784565,-33.773523545426656
Ryde,CURZON PARK,151.1149816858169,-33.761687085183155
Ryde,DANDARBONG RESERVE,151.05801092396013,-33.786777201911256
Ryde,DARRI RESERVE,151.12523508970753,-33.83408797550482
Ryde,DUNHOLM RESERVE,151.1271957445618,-33.774066987084915
Ryde,STRINGYBARK RESERVE,151.17174065547243,-33.809018592812855
Ryde,GWENDALE PARK,151.08896256931396,-33.78440335223096
Ryde,HEATLY PARK,151.1321347987749,-33.809938790232685
Ryde,HELENE PARK,151.0905582566346,-33.82040580514496
Ryde,HERITAGE SQUARE,151.1532230456153,-33.75661030833991
Ryde,JAMES HOSKIN RESERVE,151.06498345675263,-33.78849894065789
Ryde,KIM RUTHERFORD RESERVE,151.07832136630842,-33.77625486982763
Ryde,KITTYS CREEK RESERVE,151.13737300814725,-33.808670252735894
Ryde,KOONADAN RESERVE,151.0739456887292,-33.81833517085382
Ryde,LACHLAN MACQUARIE PARK,151.05933337072082,-33.79743055167259
Ryde,LANE COVE PARK,151.17434269306654,-33.817405418127976
Ryde,LINTON PARK,151.09442964696282,-33.81067109368558
Ryde,LUDOWICI RESERVE,151.1551297826879,-33.817832318736144
Ryde,MAIDEN GARDENS,151.06811223588664,-33.84764549327638
Ryde,MEDITATION PARK,151.12549274090404,-33.84152441311915
Ryde,MILLWOOD PARK,151.1703939613856,-33.78108151626401
Ryde,MOUNTBATTEN PARK,151.13599184749955,-33.76870234938272
Ryde,MURPHY RESERVE,151.10652447591335,-33.842023795970455
Ryde,NORTH RYDE COMMON,151.1220938599237,-33.801107270972764
Ryde,POWELLS CREEK RESERVE,151.08158852192878,-33.84793143540522
Ryde,QUANDONG RESERVE,151.119101288743,-33.77987404986524
Ryde,RAFFERTY RESERVE,151.13970108832575,-33.81471181376904
Ryde,SIR PHILLIP GAME RESERVE,151.15349797949963,-33.77981195672235
Ryde,ST MALO RESERVE,151.14655419459282,-33.83145629493034
Ryde,THE SWAIN GARDENS,151.17178690972636,-33.76700156891596
Ryde,THE BOREEN,151.14943084267767,-33.82099196017553
Ryde,TWO TURNERS RESERVE,151.16649592972092,-33.78112198847267
Ryde,VILLA MARIA RESERVE,151.1397397859516,-33.835924775878006
Ryde,WEERONA RESERVE,151.11186543907948,-33.766365126396366
Ryde,FERN ROAD PARK,151.15871699726424,-33.84207412021161
Ryde,MEMORIAL PARK,151.08763531746484,-33.81989994114364
Ryde,WOOLWICH LOOKOUT,151.171056318889,-33.84054336825776
Ryde,YARLUKE RESERVE,151.12314250198244,-33.825138535780624
Ryde,SHAW RESERVE,151.10400484437352,-33.84299139458741
Ryde,ALLEN PARK,151.13960570251396,-33.773377549455034
Ryde,MORNINGTON RESERVE,151.16347145577123,-33.83776475793642
Ryde,PULPIT POINT RESERVE,151.1614237424878,-33.844524934874435
Ryde,BICENTENNIAL FOUNTAINS,151.07815643741893,-33.84825086669288
Ryde,,151.10868146925102,-33.83558714779278
Ryde,BILLABONG,151.08180450836412,-33.843100800485104
Ryde,BENNELONG POND,151.07728612531713,-33.845351036872025
Ryde,PYMBLE,151.14130330100866,-33.74515674489757
Ryde,BARRA BRUI,151.16930334105365,-33.74616131975476
Ryde,THOMPSONS CORNER,151.0500980607794,-33.74779888633543
Ryde,ONIONS POINT,151.17973749406426,-33.83639267777698
Ryde,WOODFORD BAY,151.1742033481963,-33.830828923452366
Ryde,BUTCHERS BLOCK POINT,151.16907578970734,-33.83573757216775
Ryde,NEWCOMBE POINT,151.1614353505179,-33.834261652964805
Ryde,LINLEY POINT,151.1496732467689,-33.82923669708767
Ryde,CLARKES POINT,151.17406412819184,-33.842652923704314
Ryde,PULPIT POINT,151.16140342079947,-33.84441301943283
Ryde,YACHT BAY,151.1667825884163,-33.83461329216104
Ryde,ALEXANDRA BAY,151.1626362821701,-33.836493800708766
Ryde,TAMBOURINE BAY,151.16200196378173,-33.829037499457634
Ryde,BURNS BAY,151.15244631640658,-33.82644652387719
Ryde,FERN BAY,151.16496104576862,-33.843346297155115
Ryde,LUKES BAY,151.152755170676,-33.83718626755453
Ryde,TARBAN BAY,151.14241226224377,-33.83612919035529
Ryde,HUNTLEYS POINT,151.1485085657317,-33.83905615407639
Ryde,BEDLAM POINT,151.12857813410474,-33.84138655546599
Ryde,LOOKING GLASS POINT,151.12540336122822,-33.84151453444106
Ryde,WALLUMATTA BAY,151.13918858148986,-33.84264961618163
Ryde,LOOKING GLASS BAY,151.1267033447169,-33.84043917977955
Ryde,GLADES BAY,151.11905623643483,-33.83524064481915
Ryde,MORRISONS BAY,151.1134097265962,-33.83324899199069
Ryde,RAVEN POINT,151.1161079378246,-33.837046098006475
Ryde,PUTNEY POINT,151.1088504315762,-33.83553024442889
Ryde,KISSING POINT,151.1016968702876,-33.83058276400091
Ryde,CHARITY POINT,151.0894337249007,-33.82074387305624
Ryde,KISSING POINT BAY,151.1053466983376,-33.832041445183535
Ryde,WRIGHTS POINT,151.15374730421175,-33.84257803921105
Ryde,FIVE DOCK POINT,151.1448851724056,-33.84429069724903
Ryde,WILLYAMA COVE,151.1573250253921,-33.84698924066554
Ryde,DRUMMOYNE BAY,151.15494191531758,-33.84432260866593
Ryde,FIVE DOCK BAY,151.14495428519038,-33.8484477962767
Ryde,BLACKWALL POINT,151.14125013601517,-33.84598877081642
Ryde,ABBOTSFORD POINT,151.12932678736757,-33.84407698647153
Ryde,CABARITA POINT,151.1201279966374,-33.84197522060437
Ryde,BREAKFAST POINT,151.11143578655714,-33.83821563748546
Ryde,ABBOTSFORD BAY,151.1348818469137,-33.84787234458198
Ryde,FRANCE BAY,151.11687593630708,-33.84946881127203
Ryde,KENDALL BAY,151.11489923484686,-33.842418946564266
Ryde,MAJORS BAY,151.10207488135921,-33.84206336341502
Ryde,ROCKY POINT,151.09711502216416,-33.830839536896846
Ryde,UHRS POINT,151.0941248180442,-33.82558669836947
Ryde,WENTWORTH POINT,151.08382259610778,-33.82227512660635
Ryde,RHODES POINT,151.08738303549873,-33.82314608489808
Ryde,YARALLA BAY,151.0965694115117,-33.838220522546195
Ryde,HOMEBUSH BAY,151.08128348639764,-33.84513678932206
Ryde,WENTWORTH BAY,151.0775359243398,-33.833671258000614
Ryde,SPECTACLE ISLAND,151.1639636139693,-33.849220464352776
Ryde,COCKATOO ISLAND / WAREAMAH,151.1720467312527,-33.847437214834166
Ryde,WOOLWICH,151.17061964693104,-33.84030963231205
Ryde,RIVERVIEW,151.16050797293775,-33.824198016628976
Ryde,LONGUEVILLE,151.16848676707048,-33.829517161561306
Ryde,NORTHWOOD,151.17683810333133,-33.827470111377785
Ryde,LINLEY POINT,151.14969848044527,-33.82680344211987
Ryde,BLAXLANDS CORNER,151.17222088314517,-33.82361393285859
Ryde,LANE COVE,151.16590066738615,-33.81646990099586
Ryde,LANE COVE WEST,151.15251961534048,-33.81252313208868
Ryde,LANE COVE NORTH,151.16649538264699,-33.80626690208087
Ryde,CHATSWOOD WEST,151.1601139889221,-33.794133115506234
Ryde,FULLERS BRIDGE,151.15620826588207,-33.79345784977445
Ryde,LINDFIELD,151.1645251185141,-33.7787395327008
Ryde,EAST KILLARA,151.17756039373555,-33.75968178045169
Ryde,KILLARA,151.1567360027553,-33.765488951176906
Ryde,GORDON,151.1546745470447,-33.75553295433244
Ryde,FIVE WAYS,151.1651440900842,-33.76461173642296
Ryde,LIBERTY GROVE,151.08406653272488,-33.8420697188562
Ryde,CABARITA,151.11572184191544,-33.845363236939214
Ryde,BREAKFAST POINT,151.10982053123465,-33.84277677030268
Ryde,MORTLAKE,151.10619248553377,-33.84025999869863
Ryde,CONCORD WEST,151.09100168661843,-33.84325486458299
Ryde,PUTNEY,151.10647313899148,-33.82677637107113
Ryde,RHODES,151.08782850016664,-33.82867403709798
Ryde,HENLEY,151.1359503435368,-33.84221497987913
Ryde,HUNTLEYS POINT,151.14386056297573,-33.83893946956693
Ryde,HUNTLEYS COVE,151.13759469618967,-33.838218192311814
Ryde,TENNYSON POINT,151.1172927339377,-33.83144654194446
Ryde,GLADESVILLE,151.12614122213125,-33.82560680492599
Ryde,HUNTERS HILL,151.14339541352496,-33.83152985345121
Ryde,MEADOWBANK,151.0897251707182,-33.81580126891198
Ryde,WEST RYDE,151.0856443552495,-33.81084223395717
Ryde,RYDE,151.10587765297618,-33.810738753434656
Ryde,EAST RYDE,151.13507211637912,-33.80998633511187
Ryde,NORTH RYDE,151.1243614062285,-33.79676871412305
Ryde,DENISTONE,151.08654013458957,-33.799740398333554
Ryde,DENISTONE EAST,151.09536515429636,-33.79677793805238
Ryde,EASTWOOD,151.08285314233802,-33.79230074344173
Ryde,MARSFIELD,151.10289491565283,-33.78008170066786
Ryde,MACQUARIE PARK,151.12564368571958,-33.778447603087585
Ryde,WEST PYMBLE,151.12928432490244,-33.76308566308733
Ryde,SOUTH TURRAMURRA,151.1098344524266,-33.752724737310956
Ryde,NORTH EPPING,151.09374031664473,-33.758587341337375
Ryde,CHELTENHAM,151.076557344585,-33.75898873035849
Ryde,EPPING,151.07097499961048,-33.77315024963667
Ryde,BEECROFT,151.0587867027513,-33.75893847822829
Ryde,ROSELEA,151.05262384128733,-33.7656868935416
Ryde,MOBBS HILL,151.0559708661196,-33.77577108451614
Ryde,EPPING HEIGHTS,151.0673824238886,-33.762106142062656
Ryde,DUNDAS VALLEY,151.05074687348494,-33.79161946316106
Ryde,ERMINGTON,151.05620834834136,-33.809988800467565
Ryde,NEWINGTON,151.05518489504323,-33.838804302082146
Ryde,DENISTONE WEST,151.07592005906125,-33.801936062528775
Ryde,BRUSH FARM,151.07451010561206,-33.7958380827743
Ryde,HASLAMS CREEK MARKER,151.06255251588084,-33.83815829489504
Ryde,BAY MARKER,151.07551611542408,-33.83617110574272
Ryde,RIVER MARKER,151.05751626485232,-33.82554397630538
Ryde,SILVERWATER MARKER,151.07562420341395,-33.82421025255185
Ryde,CORNISH HILL,151.06579949264494,-33.789656432092286
Ryde,SUGARLOAF HILL,151.14077928495732,-33.815866947528725
Ryde,KANGAROO POINT,151.11652367005325,-33.76155609434089
Ryde,BRAYS BAY,151.09310944060047,-33.83179564441884
Ryde,FAIRMILE COVE,151.1083350294701,-33.837803357349934
Ryde,MORTLAKE POINT,151.1043442207013,-33.834700421785996
Ryde,GREENS POINT,151.10580487416678,-33.83729740302302
Ryde,SCHWARTZ POINT,151.14881915015633,-33.793832087282176
Ryde,THE BRICKPIT,151.07053842646724,-33.84037343796182
Ryde,MELROSE PARK,151.07772883844535,-33.81766384043464
Ryde,SYDNEY OLYMPIC PARK,151.0667159700675,-33.84791391101841
Ryde,RHODES SHOPPING CENTRE,151.0849058664241,-33.83600048549809
Ryde,DALCROSS ADVENTIST HOSPITAL,151.16463261451423,-33.767623777039766
Ryde,1ST GLADESVILLE SCOUT HALL,151.12792586108876,-33.822680809818436
Ryde,HENLEY LONG DAY CARE CENTRE,151.13604799759474,-33.840910998763185
Ryde,,151.08905919210588,-33.8455155533482
Ryde,,151.10341331992862,-33.798114422354274
Ryde,RYDE MASONIC CENTRE,151.10454400063057,-33.812866004964256
Ryde,ST ANTHONYS PARISH HALL,151.10303200126015,-33.78097400218371
Ryde,GREEN POINT,151.10558722854307,-33.835984843494934
Ryde,RYDE SES,151.13551487352478,-33.78742112076328
Ryde,RHODES FIRE STATION,151.08812478700526,-33.83002683560302
Ryde,CHARLES MOSES STADIUM,151.06902488558777,-33.84426443230335
Ryde,BROWNS WATERHOLE,151.10548381179262,-33.761377433615976
Ryde,GWANDALAN RESERVE,151.1394279106479,-33.80500342924629
Ryde,BOOBAJOOL RESERVE,151.13981027854857,-33.8083346771492
Ryde,MORTS RESERVE,151.17196013006597,-33.84254319565762
Ryde,CHARITY CREEK CASCADES,151.09607486828656,-33.81098880421761
Ryde,LAVARACK PARK,151.11138960416844,-33.80119463404625
Ryde,TRIM PLACE,151.12668669803637,-33.83228849289502
Ryde,BOYLA RESERVE,151.12556502653834,-33.83473066608047
Ryde,PRINCES PARK,151.1118217216678,-33.8132232911241
Ryde,FIELDER PARK,151.13118394462305,-33.817782613111625
Ryde,TOP RYDE PARK,151.10462334073483,-33.813109914354534
Ryde,ANDERSON PARK,151.09465796816536,-33.82117835658707
Ryde,BIRRAHLEE RESERVE,151.16675159114914,-33.81493457737191
Ryde,HARRY SEIDLER RESERVE,151.1660859260489,-33.760181244510015
Ryde,SAW PIT PARK,151.14563577141942,-33.77863209109464
